{"stats":{"minecraft:custom":{"minecraft:open_chest":4,"minecraft:time_since_rest":5456,"minecraft:crouch_one_cm":76,"minecraft:play_time":5456,"minecraft:sprint_one_cm":17111,"minecraft:walk_one_cm":20011,"minecraft:sneak_time":22,"minecraft:jump":49,"minecraft:time_since_death":5456,"minecraft:total_world_time":5456,"minecraft:interact_with_crafting_table":2,"minecraft:fall_one_cm":1227,"minecraft:fly_one_cm":11163},"minecraft:used":{"simpleplanes:helicopter":1,"minecraft:diamond_chestplate":1,"minecraft:diamond_boots":1,"minecraft:string":2,"minecraft:oak_planks":4,"minecraft:diamond_helmet":1,"alexsmobs:animal_dictionary":3,"minecraft:diamond_leggings":1},"minecraft:mined":{"minecraft:oak_log":7,"minecraft:tripwire":1},"minecraft:crafted":{"minecraft:oak_planks":28,"minecraft:diamond_leggings":1,"minecraft:diamond_pickaxe":1,"minecraft:diamond_axe":1,"minecraft:stick":12},"minecraft:picked_up":{"simpleplanes:helicopter":1,"minecraft:diamond_chestplate":1,"minecraft:diamond":30,"minecraft:diamond_boots":1,"minecraft:oak_log":7,"minecraft:shield":1,"minecraft:diamond_helmet":1,"minecraft:string":3}},"DataVersion":3465}