{"stats":{"minecraft:custom":{"minecraft:time_since_rest":1565,"minecraft:interact_with_furnace":6,"minecraft:sprint_one_cm":58325,"minecraft:damage_taken":691,"minecraft:walk_one_cm":46368,"minecraft:mob_kills":2,"minecraft:damage_dealt":120,"minecraft:swim_one_cm":12255,"minecraft:interact_with_crafting_table":3,"minecraft:fly_one_cm":73218,"minecraft:open_chest":6,"minecraft:crouch_one_cm":1223,"minecraft:play_time":17456,"minecraft:deaths":1,"minecraft:sneak_time":145,"minecraft:walk_under_water_one_cm":3034,"minecraft:jump":362,"minecraft:interact_with_stonecutter":1,"minecraft:interact_with_blast_furnace":2,"minecraft:walk_on_water_one_cm":891,"minecraft:time_since_death":1552,"minecraft:total_world_time":17456,"minecraft:fall_one_cm":12285},"minecraft:killed":{"minecraft:sheep":1,"minecraft:chicken":1},"minecraft:killed_by":{"minecraft:player":1},"minecraft:used":{"minecraft:cooked_mutton":1,"minecraft:diamond_pickaxe":27,"minecraft:diamond_boots":1,"minecraft:birch_planks":3,"minecraft:chicken":1,"minecraft:string":2,"minecraft:oak_planks":4,"minecraft:diamond_axe":12,"simpleplanes:helicopter":1,"minecraft:diamond_chestplate":1,"minecraft:dirt":7,"minecraft:diamond_helmet":1,"alexsmobs:animal_dictionary":3,"minecraft:egg":1,"minecraft:diamond_leggings":1},"minecraft:mined":{"minecraft:birch_log":7,"minecraft:oak_log":7,"minecraft:grass_block":1,"minecraft:coal_ore":22,"minecraft:dirt":6,"minecraft:stone":3,"minecraft:oak_leaves":3,"minecraft:tripwire":1},"minecraft:crafted":{"minecraft:cooked_beef":4,"minecraft:oak_planks":28,"minecraft:diamond_leggings":1,"minecraft:diamond_pickaxe":1,"minecraft:diamond_axe":1,"minecraft:stick":12,"minecraft:birch_planks":24,"minecraft:air":0,"minecraft:cooked_mutton":1},"minecraft:picked_up":{"minecraft:birch_log":6,"simpleplanes:helicopter":1,"minecraft:chicken":1,"minecraft:oak_log":7,"minecraft:shield":1,"minecraft:string":3,"minecraft:dirt":7,"minecraft:diamond_chestplate":1,"minecraft:diamond":30,"minecraft:diamond_boots":1,"minecraft:diamond_helmet":1,"minecraft:mutton":1,"minecraft:coal":22,"minecraft:white_wool":1,"minecraft:cobblestone":3,"minecraft:egg":1}},"DataVersion":3465}