{"stats":{"minecraft:mined":{"minecraft:deepslate_redstone_ore":21,"minecraft:tuff":20,"minecraft:mossy_cobblestone":9,"minecraft:deepslate_diamond_ore":58,"minecraft:cherry_log":32,"minecraft:crafting_table":7,"minecraft:blast_furnace":1,"minecraft:grass_block":14,"minecraft:melon":2,"minecraft:cobblestone":27,"minecraft:deepslate_gold_ore":11,"minecraft:cartography_table":1,"minecraft:diorite":28,"minecraft:birch_sapling":1,"minecraft:pink_petals":2,"minecraft:carrots":7,"minecraft:iron_ore":10,"minecraft:birch_log":12,"minecraft:wheat":25,"minecraft:white_carpet":1,"minecraft:andesite":28,"minecraft:grass":6,"minecraft:sculk_shrieker":1,"minecraft:potatoes":153,"minecraft:coal_ore":18,"minecraft:oak_log":13,"minecraft:deepslate_iron_ore":10,"minecraft:beetroots":1,"minecraft:cherry_leaves":1,"minecraft:gravel":3,"minecraft:dirt":10,"minecraft:stone":90,"minecraft:oak_leaves":5,"minecraft:deepslate":137},"minecraft:broken":{"minecraft:stone_pickaxe":1},"minecraft:killed_by":{"minecraft:player":3,"alexsmobs:grizzly_bear":1,"alexsmobs:murmur_head":1,"alexsmobs:tiger":1},"minecraft:killed":{"minecraft:pig":6,"minecraft:iron_golem":1,"minecraft:skeleton":4,"minecraft:zombie":13,"alexsmobs:terrapin":1,"minecraft:chicken":5,"minecraft:glow_squid":1,"minecraft:cow":2},"minecraft:crafted":{"minecraft:cherry_planks":8,"minecraft:oak_planks":20,"minecraft:diamond_axe":1,"minecraft:crafting_table":4,"minecraft:wooden_pickaxe":1,"minecraft:baked_potato":50,"minecraft:furnace":1,"minecraft:gold_block":1,"minecraft:bucket":1,"minecraft:oak_wood":3,"minecraft:birch_planks":48,"minecraft:stone_axe":1,"minecraft:air":0,"minecraft:diamond_helmet":1,"minecraft:wooden_hoe":1,"minecraft:diamond_pickaxe":1,"minecraft:shield":1,"minecraft:iron_axe":1,"minecraft:stick":20,"minecraft:iron_ingot":17,"minecraft:stone_pickaxe":1,"minecraft:iron_pickaxe":2,"minecraft:gold_ingot":9,"simpleplanes:propeller":1,"minecraft:chest":2,"minecraft:diamond_boots":1,"minecraft:torch":12,"minecraft:diamond_chestplate":1},"minecraft:used":{"minecraft:cooked_mutton":1,"minecraft:wheat_seeds":10,"minecraft:water_bucket":6,"minecraft:birch_planks":7,"minecraft:stone_pickaxe":130,"minecraft:baked_potato":22,"minecraft:chest":2,"minecraft:wooden_pickaxe":3,"minecraft:shield":19,"minecraft:cherry_planks":3,"minecraft:diamond_axe":66,"minecraft:torch":10,"minecraft:dirt":22,"minecraft:crafting_table":9,"minecraft:blast_furnace":1,"minecraft:tuff":14,"minecraft:wooden_hoe":13,"minecraft:diamond_pickaxe":252,"minecraft:birch_sapling":1,"minecraft:iron_pickaxe":95,"minecraft:gravel":3,"minecraft:stone_axe":188,"minecraft:cobblestone":1,"minecraft:oak_sapling":1,"minecraft:furnace":1,"minecraft:porkchop":4,"minecraft:andesite":5,"minecraft:bucket":10,"alexsmobs:animal_dictionary":26,"minecraft:egg":1,"minecraft:potato":218,"minecraft:cherry_log":7},"minecraft:picked_up":{"minecraft:birch_log":12,"minecraft:pink_petals":6,"minecraft:crafting_table":7,"minecraft:wheat":23,"minecraft:feather":3,"minecraft:chicken":4,"minecraft:glow_ink_sac":2,"minecraft:andesite":27,"minecraft:leather":2,"minecraft:wooden_pickaxe":1,"minecraft:potato":525,"minecraft:oak_log":13,"minecraft:tuff":19,"minecraft:gunpowder":5,"minecraft:dirt":23,"man:cassette_1safetyinstructions":1,"minecraft:cooked_mutton":1,"minecraft:white_carpet":1,"minecraft:bone":3,"minecraft:beetroot":1,"minecraft:wheat_seeds":53,"minecraft:cartography_table":1,"minecraft:cobbled_deepslate":147,"minecraft:raw_gold":10,"minecraft:beef":5,"minecraft:melon_slice":10,"minecraft:birch_sapling":5,"minecraft:egg":1,"minecraft:stick":6,"minecraft:raw_iron":20,"minecraft:poisonous_potato":4,"minecraft:gravel":3,"minecraft:porkchop":14,"minecraft:cherry_log":32,"minecraft:blast_furnace":1,"minecraft:diorite":28,"minecraft:carrot":21,"minecraft:redstone":91,"minecraft:mossy_cobblestone":9,"minecraft:arrow":3,"minecraft:rotten_flesh":12,"minecraft:diamond":57,"minecraft:beetroot_seeds":3,"minecraft:bone_meal":1,"minecraft:cherry_sapling":8,"minecraft:oak_sapling":1,"minecraft:coal":18,"minecraft:cobblestone":117},"minecraft:custom":{"minecraft:interact_with_furnace":5,"minecraft:mob_kills":33,"minecraft:interact_with_crafting_table":24,"minecraft:leave_game":3,"minecraft:time_since_death":958,"minecraft:sleep_in_bed":1,"minecraft:climb_one_cm":1485,"minecraft:time_since_rest":985,"minecraft:sprint_one_cm":245520,"minecraft:damage_taken":4390,"minecraft:walk_one_cm":193930,"minecraft:damage_blocked_by_shield":1815,"minecraft:drop":10,"minecraft:damage_dealt":6303,"minecraft:player_kills":2,"minecraft:swim_one_cm":20975,"minecraft:fly_one_cm":413703,"minecraft:open_chest":44,"minecraft:crouch_one_cm":17508,"minecraft:play_time":86985,"minecraft:deaths":10,"minecraft:sneak_time":5595,"minecraft:walk_under_water_one_cm":3948,"minecraft:jump":2089,"minecraft:interact_with_blast_furnace":14,"minecraft:walk_on_water_one_cm":7137,"minecraft:total_world_time":86985,"minecraft:interact_with_smoker":12,"minecraft:fall_one_cm":89602},"minecraft:dropped":{"minecraft:porkchop":3,"minecraft:mossy_cobblestone":4,"minecraft:tuff":3,"minecraft:beetroot":1,"minecraft:rotten_flesh":1,"man:cassette_1safetyinstructions":1,"minecraft:gunpowder":3,"minecraft:wooden_pickaxe":1}},"DataVersion":3465}