{"stats":{"minecraft:custom":{"minecraft:interact_with_anvil":1,"minecraft:mob_kills":113,"minecraft:interact_with_crafting_table":73,"minecraft:bell_ring":1,"minecraft:damage_dealt_resisted":294,"minecraft:leave_game":15,"minecraft:time_since_death":1243,"minecraft:climb_one_cm":1485,"minecraft:sprint_one_cm":720538,"minecraft:walk_one_cm":861880,"minecraft:damage_blocked_by_shield":2570,"minecraft:drop":57,"minecraft:talked_to_villager":1,"minecraft:play_time":306822,"minecraft:sneak_time":11700,"minecraft:deaths":45,"minecraft:walk_under_water_one_cm":21194,"minecraft:jump":6421,"minecraft:interact_with_blast_furnace":55,"minecraft:walk_on_water_one_cm":15804,"minecraft:enchant_item":2,"minecraft:total_world_time":306822,"minecraft:interact_with_furnace":19,"minecraft:interact_with_stonecutter":6,"minecraft:interact_with_grindstone":1,"minecraft:sleep_in_bed":6,"minecraft:time_since_rest":266,"minecraft:damage_taken":22119,"minecraft:damage_dealt":20729,"minecraft:player_kills":4,"minecraft:swim_one_cm":57488,"minecraft:fly_one_cm":1106538,"minecraft:open_chest":127,"minecraft:crouch_one_cm":39368,"minecraft:interact_with_smoker":23,"minecraft:fall_one_cm":323657},"minecraft:killed":{"minecraft:zombified_piglin":23,"minecraft:spider":5,"minecraft:skeleton":7,"minecraft:chicken":6,"minecraft:silverfish":2,"minecraft:drowned":1,"alexsmobs:bison":1,"minecraft:pig":6,"minecraft:salmon":6,"minecraft:iron_golem":1,"minecraft:squid":1,"minecraft:sheep":3,"minecraft:zombie":33,"alexsmobs:cockroach":1,"alexsmobs:terrapin":1,"minecraft:glow_squid":1,"minecraft:cow":8},"minecraft:killed_by":{"endofherobrine:cow":1,"minecraft:player":4,"minecraft:zombified_piglin":6,"minecraft:spider":1,"alexsmobs:bison":1,"minecraft:drowned":1,"alexsmobs:murmur_head":1,"alexsmobs:tiger":2,"man:managgresive":1,"minecraft:skeleton":1,"minecraft:witch":1,"minecraft:zombie":2,"alexsmobs:grizzly_bear":1},"minecraft:used":{"sophisticatedbackpacks:copper_backpack":3,"minecraft:chest":2,"minecraft:shield":38,"minecraft:stone":3,"minecraft:rotten_flesh":2,"minecraft:torch":10,"minecraft:dirt":795,"minecraft:mutton":4,"minecraft:golden_shovel":2,"minecraft:tuff":14,"minecraft:azure_bluet":1,"minecraft:lava_bucket":4,"minecraft:grass_block":1201,"minecraft:birch_sapling":1,"simpleplanes:plane":2,"minecraft:beef":1,"minecraft:oak_sapling":1,"minecraft:furnace":1,"minecraft:egg":1,"minecraft:potato":226,"minecraft:cobbled_deepslate":14,"minecraft:cherry_log":7,"simpleplanes:parachute":7,"minecraft:cooked_mutton":1,"minecraft:wheat_seeds":10,"minecraft:water_bucket":17,"minecraft:birch_planks":7,"minecraft:stone_pickaxe":130,"minecraft:baked_potato":50,"minecraft:wooden_pickaxe":3,"minecraft:cherry_planks":3,"minecraft:diamond_axe":308,"simpleplanes:helicopter":24,"minecraft:blast_furnace":1,"minecraft:crafting_table":9,"minecraft:wooden_hoe":13,"minecraft:diamond_pickaxe":1786,"minecraft:diamond_shovel":2533,"minecraft:bread":4,"minecraft:string":1,"minecraft:iron_pickaxe":95,"minecraft:gravel":3,"minecraft:stone_axe":188,"simpleplanes:plane_workbench":1,"simpleplanes:large_plane":8,"minecraft:cobblestone":163,"minecraft:porkchop":4,"minecraft:andesite":5,"minecraft:bucket":28,"alexsmobs:animal_dictionary":32},"minecraft:dropped":{"minecraft:porkchop":3,"minecraft:wheat_seeds":38,"minecraft:diamond_axe":1,"minecraft:mossy_cobblestone":4,"minecraft:diamond":30,"minecraft:poisonous_potato":2,"minecraft:feather":9,"man:cassette_1safetyinstructions":1,"minecraft:dirt":1,"minecraft:diorite":4,"minecraft:cornflower":1,"minecraft:diamond_helmet":1,"minecraft:string":7,"minecraft:birch_log":5,"minecraft:dandelion":8,"minecraft:bone":2,"minecraft:stone_axe":4,"minecraft:cobbled_deepslate":28,"minecraft:tuff":68,"minecraft:beetroot":1,"minecraft:rotten_flesh":20,"minecraft:diamond_shovel":1,"minecraft:shield":1,"minecraft:diamond_chestplate":1,"minecraft:gunpowder":3,"minecraft:diamond_pickaxe":3,"minecraft:andesite":4,"minecraft:diamond_boots":1,"sophisticatedbackpacks:copper_backpack":1,"minecraft:arrow":1,"minecraft:beef":6,"minecraft:wooden_pickaxe":1,"minecraft:oak_leaves":1},"minecraft:mined":{"minecraft:infested_deepslate":1,"minecraft:diamond_ore":11,"minecraft:tuff":102,"minecraft:white_bed":2,"minecraft:mossy_cobblestone":9,"minecraft:deepslate_diamond_ore":121,"minecraft:cherry_log":32,"minecraft:obsidian":2,"minecraft:granite":74,"minecraft:grass_block":1624,"minecraft:cartography_table":1,"minecraft:magma_block":1,"minecraft:raw_iron_block":1,"minecraft:carrots":7,"minecraft:iron_ore":36,"minecraft:fire":2,"minecraft:andesite":45,"minecraft:deepslate_lapis_ore":21,"minecraft:sculk_shrieker":2,"minecraft:potatoes":153,"minecraft:deepslate_iron_ore":85,"minecraft:dirt_path":35,"minecraft:stone":850,"sophisticatedbackpacks:copper_backpack":1,"minecraft:tripwire":1,"minecraft:deepslate_redstone_ore":44,"minecraft:cherry_planks":1,"minecraft:dandelion":1,"minecraft:crafting_table":7,"minecraft:blast_furnace":2,"minecraft:melon":2,"minecraft:copper_ore":9,"minecraft:tall_grass":13,"minecraft:cobblestone":32,"minecraft:deepslate_gold_ore":41,"minecraft:sculk":1,"minecraft:diorite":32,"minecraft:birch_sapling":1,"minecraft:pink_petals":3,"minecraft:birch_log":23,"minecraft:wheat":25,"minecraft:white_carpet":1,"minecraft:birch_leaves":3,"minecraft:grass":90,"minecraft:oak_log":25,"minecraft:coal_ore":58,"minecraft:beetroots":1,"minecraft:cherry_leaves":1,"minecraft:gravel":17,"minecraft:dirt":857,"minecraft:deepslate":378,"minecraft:oak_leaves":7},"minecraft:broken":{"minecraft:stone_pickaxe":1},"minecraft:crafted":{"minecraft:cherry_planks":12,"minecraft:oak_planks":32,"minecraft:raw_iron":9,"simpleplanes:helicopter":1,"simpleplanes:booster":1,"simpleplanes:plane_workbench":1,"minecraft:furnace":1,"minecraft:diamond_shovel":1,"minecraft:heavy_weighted_pressure_plate":2,"minecraft:flint_and_steel":3,"minecraft:bow":1,"minecraft:diamond_helmet":2,"minecraft:diamond_leggings":1,"minecraft:iron_axe":1,"minecraft:stone_pickaxe":1,"minecraft:chest":2,"minecraft:diamond_boots":2,"simpleplanes:propeller":6,"simpleplanes:plane":1,"simpleplanes:armor":1,"minecraft:diamond_axe":1,"minecraft:crafting_table":5,"minecraft:wooden_pickaxe":1,"minecraft:baked_potato":50,"minecraft:copper_ingot":11,"simpleplanes:parachute":1,"minecraft:gold_block":1,"minecraft:bucket":4,"minecraft:oak_wood":3,"minecraft:birch_planks":60,"minecraft:stone_axe":1,"simpleplanes:liquid_engine":1,"minecraft:air":0,"minecraft:dispenser":1,"minecraft:white_wool":1,"minecraft:wooden_hoe":1,"minecraft:diamond_pickaxe":2,"minecraft:shield":1,"minecraft:stick":44,"minecraft:iron_ingot":96,"minecraft:iron_pickaxe":2,"minecraft:iron_block":3,"minecraft:gold_ingot":110,"minecraft:torch":12,"minecraft:diamond_chestplate":2,"simpleplanes:shooter":1},"minecraft:picked_up":{"minecraft:crafting_table":7,"minecraft:wheat":23,"minecraft:azure_bluet":1,"minecraft:chicken":4,"minecraft:wooden_pickaxe":1,"minecraft:golden_shovel":1,"minecraft:cornflower":1,"minecraft:string":4,"minecraft:raw_copper":64,"minecraft:white_carpet":1,"minecraft:beetroot":1,"minecraft:cartography_table":1,"minecraft:gold_nugget":15,"minecraft:cobbled_deepslate":412,"minecraft:beef":25,"minecraft:poppy":1,"minecraft:melon_slice":10,"minecraft:birch_sapling":7,"minecraft:egg":2,"minecraft:stick":11,"minecraft:raw_iron":238,"minecraft:stone":4,"minecraft:copper_ingot":1,"minecraft:porkchop":14,"minecraft:cherry_log":32,"minecraft:diorite":32,"minecraft:carrot":22,"minecraft:redstone":229,"minecraft:arrow":4,"minecraft:rotten_flesh":68,"minecraft:beetroot_seeds":3,"sophisticatedbackpacks:copper_backpack":2,"minecraft:obsidian":2,"minecraft:mutton":5,"minecraft:white_wool":3,"minecraft:cobblestone":784,"minecraft:magma_block":1,"minecraft:birch_log":27,"minecraft:pink_petals":6,"simpleplanes:helicopter":23,"minecraft:feather":12,"simpleplanes:parachute":7,"minecraft:cherry_planks":1,"minecraft:glow_ink_sac":2,"minecraft:andesite":44,"minecraft:salmon":4,"minecraft:leather":5,"minecraft:potato":588,"alexsmobs:bison_fur":1,"minecraft:flint":10,"minecraft:tuff":100,"minecraft:oak_log":31,"minecraft:gunpowder":6,"minecraft:lapis_lazuli":278,"minecraft:dirt":977,"man:cassette_1safetyinstructions":1,"minecraft:cooked_mutton":1,"minecraft:bone":7,"minecraft:wheat_seeds":126,"minecraft:raw_gold":76,"minecraft:iron_ingot":17,"simpleplanes:plane":1,"minecraft:dandelion":14,"minecraft:poisonous_potato":6,"minecraft:raw_iron_block":1,"minecraft:gravel":6,"minecraft:blast_furnace":2,"minecraft:ink_sac":1,"minecraft:grass_block":1204,"minecraft:mossy_cobblestone":9,"minecraft:leather_helmet":1,"minecraft:diamond_shovel":1,"minecraft:diamond":205,"minecraft:stone_axe":3,"minecraft:diamond_axe":1,"minecraft:granite":72,"simpleplanes:large_plane":8,"minecraft:bone_meal":1,"minecraft:cherry_sapling":8,"minecraft:oak_sapling":5,"minecraft:coal":111,"minecraft:oak_leaves":1,"minecraft:diamond_pickaxe":3}},"DataVersion":3465}