{"stats":{"minecraft:custom":{"minecraft:interact_with_anvil":1,"minecraft:mob_kills":89,"minecraft:interact_with_crafting_table":72,"minecraft:bell_ring":1,"minecraft:leave_game":13,"minecraft:time_since_death":10717,"minecraft:climb_one_cm":1485,"minecraft:sprint_one_cm":629181,"minecraft:walk_one_cm":718201,"minecraft:damage_blocked_by_shield":2570,"minecraft:drop":53,"minecraft:talked_to_villager":1,"minecraft:play_time":257657,"minecraft:sneak_time":11237,"minecraft:deaths":31,"minecraft:walk_under_water_one_cm":14214,"minecraft:jump":5449,"minecraft:interact_with_blast_furnace":53,"minecraft:walk_on_water_one_cm":12874,"minecraft:enchant_item":1,"minecraft:total_world_time":257657,"minecraft:interact_with_furnace":18,"minecraft:interact_with_stonecutter":4,"minecraft:interact_with_grindstone":1,"minecraft:sleep_in_bed":1,"minecraft:time_since_rest":10750,"minecraft:damage_taken":15268,"minecraft:damage_dealt":16546,"minecraft:player_kills":4,"minecraft:swim_one_cm":32180,"minecraft:fly_one_cm":955328,"minecraft:open_chest":105,"minecraft:crouch_one_cm":37828,"minecraft:interact_with_smoker":22,"minecraft:fall_one_cm":254882},"minecraft:killed":{"minecraft:zombified_piglin":12,"minecraft:spider":5,"minecraft:skeleton":7,"minecraft:chicken":6,"minecraft:silverfish":2,"alexsmobs:bison":1,"minecraft:pig":6,"minecraft:iron_golem":1,"minecraft:sheep":3,"minecraft:zombie":30,"alexsmobs:terrapin":1,"minecraft:glow_squid":1,"minecraft:cow":8},"minecraft:killed_by":{"minecraft:player":4,"minecraft:zombified_piglin":2,"minecraft:spider":1,"alexsmobs:bison":1,"alexsmobs:murmur_head":1,"alexsmobs:tiger":1,"man:managgresive":1,"minecraft:zombie":2,"alexsmobs:grizzly_bear":1},"minecraft:used":{"sophisticatedbackpacks:copper_backpack":3,"minecraft:chest":2,"minecraft:shield":38,"minecraft:rotten_flesh":2,"minecraft:torch":10,"minecraft:dirt":609,"minecraft:mutton":4,"minecraft:golden_shovel":2,"minecraft:tuff":14,"minecraft:lava_bucket":4,"minecraft:grass_block":952,"minecraft:birch_sapling":1,"simpleplanes:plane":2,"minecraft:beef":1,"minecraft:oak_sapling":1,"minecraft:furnace":1,"minecraft:egg":1,"minecraft:potato":218,"minecraft:cobbled_deepslate":14,"minecraft:cherry_log":7,"simpleplanes:parachute":7,"minecraft:cooked_mutton":1,"minecraft:wheat_seeds":10,"minecraft:water_bucket":17,"minecraft:birch_planks":7,"minecraft:stone_pickaxe":130,"minecraft:baked_potato":44,"minecraft:wooden_pickaxe":3,"minecraft:cherry_planks":3,"minecraft:diamond_axe":239,"simpleplanes:helicopter":18,"minecraft:blast_furnace":1,"minecraft:crafting_table":9,"minecraft:wooden_hoe":13,"minecraft:diamond_pickaxe":1652,"minecraft:diamond_shovel":2195,"minecraft:bread":4,"minecraft:string":1,"minecraft:iron_pickaxe":95,"minecraft:gravel":3,"minecraft:stone_axe":188,"simpleplanes:plane_workbench":1,"simpleplanes:large_plane":4,"minecraft:cobblestone":89,"minecraft:porkchop":4,"minecraft:andesite":5,"minecraft:bucket":28,"alexsmobs:animal_dictionary":31},"minecraft:dropped":{"minecraft:porkchop":3,"minecraft:wheat_seeds":27,"minecraft:mossy_cobblestone":4,"minecraft:diamond":30,"minecraft:poisonous_potato":1,"minecraft:feather":9,"man:cassette_1safetyinstructions":1,"minecraft:diorite":4,"minecraft:cornflower":1,"minecraft:diamond_helmet":1,"minecraft:string":7,"minecraft:birch_log":5,"minecraft:dandelion":8,"minecraft:bone":2,"minecraft:stone_axe":4,"minecraft:cobbled_deepslate":28,"minecraft:tuff":68,"minecraft:beetroot":1,"minecraft:rotten_flesh":20,"minecraft:diamond_shovel":1,"minecraft:shield":1,"minecraft:diamond_chestplate":1,"minecraft:gunpowder":3,"minecraft:diamond_pickaxe":3,"minecraft:andesite":4,"minecraft:diamond_boots":1,"minecraft:arrow":1,"sophisticatedbackpacks:copper_backpack":1,"minecraft:wooden_pickaxe":1,"minecraft:beef":6,"minecraft:oak_leaves":1},"minecraft:mined":{"minecraft:infested_deepslate":1,"minecraft:tuff":87,"minecraft:mossy_cobblestone":9,"minecraft:deepslate_diamond_ore":113,"minecraft:cherry_log":32,"minecraft:obsidian":2,"minecraft:granite":74,"minecraft:grass_block":1430,"minecraft:cartography_table":1,"minecraft:raw_iron_block":1,"minecraft:carrots":7,"minecraft:iron_ore":36,"minecraft:fire":2,"minecraft:andesite":32,"minecraft:deepslate_lapis_ore":21,"minecraft:sculk_shrieker":2,"minecraft:potatoes":153,"minecraft:deepslate_iron_ore":83,"minecraft:dirt_path":10,"minecraft:stone":806,"sophisticatedbackpacks:copper_backpack":1,"minecraft:tripwire":1,"minecraft:deepslate_redstone_ore":40,"minecraft:dandelion":1,"minecraft:crafting_table":7,"minecraft:blast_furnace":2,"minecraft:melon":2,"minecraft:copper_ore":9,"minecraft:tall_grass":12,"minecraft:cobblestone":31,"minecraft:deepslate_gold_ore":41,"minecraft:sculk":1,"minecraft:diorite":32,"minecraft:birch_sapling":1,"minecraft:pink_petals":2,"minecraft:birch_log":23,"minecraft:wheat":25,"minecraft:white_carpet":1,"minecraft:birch_leaves":3,"minecraft:grass":83,"minecraft:oak_log":25,"minecraft:coal_ore":58,"minecraft:beetroots":1,"minecraft:cherry_leaves":1,"minecraft:gravel":17,"minecraft:dirt":739,"minecraft:oak_leaves":7,"minecraft:deepslate":349},"minecraft:broken":{"minecraft:stone_pickaxe":1},"minecraft:crafted":{"minecraft:cherry_planks":12,"minecraft:oak_planks":32,"minecraft:raw_iron":9,"simpleplanes:helicopter":1,"simpleplanes:booster":1,"simpleplanes:plane_workbench":1,"minecraft:furnace":1,"minecraft:diamond_shovel":1,"minecraft:heavy_weighted_pressure_plate":2,"minecraft:flint_and_steel":3,"minecraft:bow":1,"minecraft:diamond_helmet":2,"minecraft:diamond_leggings":1,"minecraft:iron_axe":1,"minecraft:stone_pickaxe":1,"minecraft:chest":2,"minecraft:diamond_boots":2,"simpleplanes:propeller":6,"simpleplanes:plane":1,"simpleplanes:armor":1,"minecraft:diamond_axe":1,"minecraft:crafting_table":5,"minecraft:wooden_pickaxe":1,"minecraft:baked_potato":50,"minecraft:copper_ingot":11,"simpleplanes:parachute":1,"minecraft:gold_block":1,"minecraft:bucket":4,"minecraft:oak_wood":3,"minecraft:birch_planks":60,"minecraft:stone_axe":1,"simpleplanes:liquid_engine":1,"minecraft:air":0,"minecraft:dispenser":1,"minecraft:white_wool":1,"minecraft:wooden_hoe":1,"minecraft:diamond_pickaxe":1,"minecraft:shield":1,"minecraft:stick":44,"minecraft:iron_ingot":96,"minecraft:iron_pickaxe":2,"minecraft:iron_block":3,"minecraft:gold_ingot":110,"minecraft:torch":12,"minecraft:diamond_chestplate":2,"simpleplanes:shooter":1},"minecraft:picked_up":{"minecraft:crafting_table":7,"minecraft:wheat":23,"minecraft:chicken":4,"minecraft:wooden_pickaxe":1,"minecraft:golden_shovel":1,"minecraft:cornflower":1,"minecraft:string":4,"minecraft:raw_copper":64,"minecraft:white_carpet":1,"minecraft:beetroot":1,"minecraft:cartography_table":1,"minecraft:gold_nugget":5,"minecraft:cobbled_deepslate":383,"minecraft:beef":25,"minecraft:poppy":1,"minecraft:melon_slice":10,"minecraft:birch_sapling":7,"minecraft:egg":2,"minecraft:stick":11,"minecraft:raw_iron":234,"minecraft:porkchop":14,"minecraft:cherry_log":32,"minecraft:diorite":32,"minecraft:carrot":21,"minecraft:redstone":211,"minecraft:arrow":4,"minecraft:rotten_flesh":47,"minecraft:beetroot_seeds":3,"sophisticatedbackpacks:copper_backpack":2,"minecraft:obsidian":2,"minecraft:mutton":5,"minecraft:white_wool":3,"minecraft:cobblestone":742,"minecraft:birch_log":27,"minecraft:pink_petals":6,"simpleplanes:helicopter":17,"minecraft:feather":12,"simpleplanes:parachute":7,"minecraft:glow_ink_sac":2,"minecraft:andesite":31,"minecraft:leather":5,"minecraft:potato":525,"alexsmobs:bison_fur":1,"minecraft:flint":10,"minecraft:tuff":85,"minecraft:oak_log":31,"minecraft:gunpowder":6,"minecraft:lapis_lazuli":278,"minecraft:dirt":716,"man:cassette_1safetyinstructions":1,"minecraft:cooked_mutton":1,"minecraft:bone":7,"minecraft:wheat_seeds":109,"minecraft:raw_gold":76,"minecraft:iron_ingot":17,"minecraft:dandelion":14,"minecraft:poisonous_potato":5,"minecraft:raw_iron_block":1,"minecraft:gravel":6,"minecraft:blast_furnace":2,"minecraft:grass_block":1050,"minecraft:mossy_cobblestone":9,"minecraft:leather_helmet":1,"minecraft:diamond_shovel":1,"minecraft:diamond":169,"minecraft:stone_axe":3,"minecraft:granite":72,"simpleplanes:large_plane":5,"minecraft:bone_meal":1,"minecraft:cherry_sapling":8,"minecraft:oak_sapling":5,"minecraft:coal":110,"minecraft:oak_leaves":1,"minecraft:diamond_pickaxe":3}},"DataVersion":3465}