{"stats":{"minecraft:dropped":{"minecraft:porkchop":3,"minecraft:mossy_cobblestone":4,"man:cassette_1safetyinstructions":1},"minecraft:used":{"minecraft:cooked_mutton":1,"minecraft:stone_pickaxe":26,"minecraft:wooden_pickaxe":3,"minecraft:stone_axe":56,"minecraft:dirt":2,"minecraft:crafting_table":2,"minecraft:porkchop":1,"alexsmobs:animal_dictionary":3},"minecraft:custom":{"minecraft:time_since_rest":7366,"minecraft:sprint_one_cm":54549,"minecraft:damage_taken":976,"minecraft:walk_one_cm":34948,"minecraft:mob_kills":8,"minecraft:drop":5,"minecraft:damage_dealt":1218,"minecraft:player_kills":1,"minecraft:interact_with_crafting_table":3,"minecraft:swim_one_cm":15448,"minecraft:fly_one_cm":78739,"minecraft:crouch_one_cm":4949,"minecraft:play_time":15378,"minecraft:deaths":3,"minecraft:sneak_time":1349,"minecraft:walk_under_water_one_cm":482,"minecraft:jump":447,"minecraft:leave_game":1,"minecraft:walk_on_water_one_cm":2475,"minecraft:time_since_death":7343,"minecraft:total_world_time":15378,"minecraft:climb_one_cm":1485,"minecraft:interact_with_smoker":1,"minecraft:fall_one_cm":12873},"minecraft:killed":{"minecraft:zombie":1,"minecraft:pig":4,"alexsmobs:terrapin":1,"minecraft:cow":2},"minecraft:crafted":{"minecraft:oak_planks":20,"minecraft:crafting_table":2,"minecraft:stick":8,"minecraft:wooden_pickaxe":1,"minecraft:stone_pickaxe":1,"minecraft:oak_wood":3,"minecraft:birch_planks":48,"minecraft:stone_axe":1},"minecraft:killed_by":{"minecraft:player":3},"minecraft:mined":{"minecraft:pink_petals":2,"minecraft:mossy_cobblestone":4,"minecraft:birch_log":12,"minecraft:cherry_log":24,"minecraft:crafting_table":1,"minecraft:grass":2,"minecraft:coal_ore":7,"minecraft:grass_block":3,"minecraft:oak_log":13,"minecraft:melon":2,"minecraft:cobblestone":17,"minecraft:oak_leaves":5},"minecraft:picked_up":{"minecraft:birch_log":12,"minecraft:pink_petals":6,"minecraft:stick":3,"minecraft:crafting_table":1,"minecraft:leather":2,"minecraft:porkchop":10,"minecraft:cherry_log":24,"minecraft:oak_log":13,"minecraft:dirt":2,"minecraft:mossy_cobblestone":4,"man:cassette_1safetyinstructions":1,"minecraft:cooked_mutton":1,"minecraft:rotten_flesh":1,"minecraft:beef":5,"minecraft:oak_sapling":1,"minecraft:melon_slice":10,"minecraft:birch_sapling":4,"minecraft:coal":7,"minecraft:cobblestone":17}},"DataVersion":3465}