{"stats":{"minecraft:custom":{"minecraft:mob_kills":34,"minecraft:interact_with_crafting_table":30,"minecraft:leave_game":3,"minecraft:time_since_death":2432,"minecraft:climb_one_cm":1485,"minecraft:sprint_one_cm":271543,"minecraft:walk_one_cm":217254,"minecraft:damage_blocked_by_shield":1835,"minecraft:drop":10,"minecraft:play_time":98732,"minecraft:deaths":11,"minecraft:sneak_time":6463,"minecraft:walk_under_water_one_cm":4499,"minecraft:jump":2420,"minecraft:interact_with_blast_furnace":15,"minecraft:walk_on_water_one_cm":7216,"minecraft:total_world_time":98732,"minecraft:interact_with_furnace":7,"minecraft:sleep_in_bed":1,"minecraft:time_since_rest":2562,"minecraft:damage_taken":4905,"minecraft:damage_dealt":6699,"minecraft:swim_one_cm":20975,"minecraft:fly_one_cm":467628,"minecraft:player_kills":3,"minecraft:open_chest":54,"minecraft:crouch_one_cm":20222,"minecraft:interact_with_smoker":12,"minecraft:fall_one_cm":99335},"minecraft:used":{"minecraft:chest":2,"minecraft:shield":21,"minecraft:torch":10,"minecraft:dirt":28,"minecraft:tuff":14,"minecraft:lava_bucket":2,"minecraft:birch_sapling":1,"simpleplanes:plane":1,"minecraft:furnace":1,"minecraft:oak_sapling":1,"minecraft:egg":1,"minecraft:potato":218,"minecraft:cherry_log":7,"minecraft:wheat_seeds":10,"minecraft:cooked_mutton":1,"minecraft:water_bucket":8,"minecraft:birch_planks":7,"minecraft:stone_pickaxe":130,"minecraft:baked_potato":27,"minecraft:wooden_pickaxe":3,"minecraft:cherry_planks":3,"minecraft:diamond_axe":83,"minecraft:crafting_table":9,"minecraft:blast_furnace":1,"minecraft:wooden_hoe":13,"minecraft:diamond_pickaxe":280,"minecraft:iron_pickaxe":95,"minecraft:gravel":3,"minecraft:stone_axe":188,"simpleplanes:plane_workbench":1,"minecraft:cobblestone":4,"minecraft:porkchop":4,"minecraft:bucket":13,"minecraft:andesite":5,"alexsmobs:animal_dictionary":26},"minecraft:killed":{"minecraft:spider":1,"minecraft:skeleton":4,"minecraft:chicken":5,"minecraft:pig":6,"minecraft:iron_golem":1,"minecraft:zombie":13,"alexsmobs:terrapin":1,"minecraft:glow_squid":1,"minecraft:cow":2},"minecraft:dropped":{"minecraft:porkchop":3,"minecraft:mossy_cobblestone":4,"man:cassette_1safetyinstructions":1,"minecraft:tuff":3,"minecraft:beetroot":1,"minecraft:rotten_flesh":1,"minecraft:gunpowder":3,"minecraft:wooden_pickaxe":1},"minecraft:mined":{"minecraft:tuff":20,"minecraft:mossy_cobblestone":9,"minecraft:deepslate_diamond_ore":58,"minecraft:cherry_log":32,"minecraft:obsidian":2,"minecraft:grass_block":37,"minecraft:cartography_table":1,"minecraft:carrots":7,"minecraft:iron_ore":22,"minecraft:fire":2,"minecraft:andesite":28,"minecraft:sculk_shrieker":1,"minecraft:potatoes":153,"minecraft:deepslate_iron_ore":10,"minecraft:stone":94,"minecraft:deepslate_redstone_ore":21,"minecraft:crafting_table":7,"minecraft:blast_furnace":1,"minecraft:melon":2,"minecraft:cobblestone":27,"minecraft:deepslate_gold_ore":11,"minecraft:diorite":28,"minecraft:pink_petals":2,"minecraft:birch_sapling":1,"minecraft:birch_log":12,"minecraft:wheat":25,"minecraft:white_carpet":1,"minecraft:grass":9,"minecraft:oak_log":25,"minecraft:coal_ore":18,"minecraft:beetroots":1,"minecraft:cherry_leaves":1,"minecraft:gravel":3,"minecraft:dirt":12,"minecraft:oak_leaves":6,"minecraft:deepslate":137},"minecraft:broken":{"minecraft:stone_pickaxe":1},"minecraft:crafted":{"minecraft:cherry_planks":12,"minecraft:oak_planks":32,"simpleplanes:plane_workbench":1,"minecraft:furnace":1,"minecraft:diamond_helmet":1,"minecraft:iron_axe":1,"minecraft:stone_pickaxe":1,"minecraft:chest":2,"minecraft:diamond_boots":1,"simpleplanes:propeller":2,"simpleplanes:plane":1,"minecraft:diamond_axe":1,"minecraft:crafting_table":5,"minecraft:wooden_pickaxe":1,"minecraft:baked_potato":50,"minecraft:gold_block":1,"minecraft:bucket":1,"minecraft:oak_wood":3,"minecraft:birch_planks":48,"minecraft:stone_axe":1,"minecraft:air":0,"minecraft:wooden_hoe":1,"minecraft:diamond_pickaxe":1,"minecraft:shield":1,"minecraft:stick":20,"minecraft:iron_pickaxe":2,"minecraft:iron_ingot":17,"minecraft:gold_ingot":9,"minecraft:torch":12,"minecraft:diamond_chestplate":1},"minecraft:killed_by":{"minecraft:player":3,"alexsmobs:murmur_head":1,"alexsmobs:tiger":1,"minecraft:zombie":1,"alexsmobs:grizzly_bear":1},"minecraft:picked_up":{"minecraft:crafting_table":7,"minecraft:wheat":23,"minecraft:chicken":4,"minecraft:wooden_pickaxe":1,"minecraft:string":1,"minecraft:white_carpet":1,"minecraft:beetroot":1,"minecraft:cartography_table":1,"minecraft:cobbled_deepslate":147,"minecraft:beef":5,"minecraft:melon_slice":10,"minecraft:birch_sapling":5,"minecraft:egg":1,"minecraft:raw_iron":32,"minecraft:stick":6,"minecraft:porkchop":14,"minecraft:cherry_log":32,"minecraft:diorite":28,"minecraft:carrot":21,"minecraft:redstone":91,"minecraft:arrow":3,"minecraft:rotten_flesh":12,"minecraft:beetroot_seeds":3,"minecraft:obsidian":2,"minecraft:cobblestone":121,"minecraft:birch_log":12,"minecraft:pink_petals":6,"minecraft:feather":3,"minecraft:glow_ink_sac":2,"minecraft:andesite":27,"minecraft:leather":2,"minecraft:potato":525,"minecraft:tuff":19,"minecraft:oak_log":25,"minecraft:gunpowder":5,"minecraft:dirt":46,"man:cassette_1safetyinstructions":1,"minecraft:cooked_mutton":1,"minecraft:bone":3,"minecraft:wheat_seeds":54,"minecraft:raw_gold":10,"minecraft:poisonous_potato":4,"minecraft:gravel":3,"minecraft:blast_furnace":1,"minecraft:mossy_cobblestone":9,"minecraft:diamond":57,"minecraft:bone_meal":1,"minecraft:cherry_sapling":8,"minecraft:oak_sapling":5,"minecraft:coal":18}},"DataVersion":3465}