{"stats":{"minecraft:dropped":{"minecraft:porkchop":3,"minecraft:mossy_cobblestone":4,"minecraft:beetroot":1,"minecraft:rotten_flesh":1,"man:cassette_1safetyinstructions":1,"minecraft:wooden_pickaxe":1},"minecraft:used":{"minecraft:wheat_seeds":10,"minecraft:cooked_mutton":1,"minecraft:birch_planks":7,"minecraft:stone_pickaxe":90,"minecraft:baked_potato":5,"minecraft:chest":2,"minecraft:wooden_pickaxe":3,"minecraft:torch":4,"minecraft:dirt":9,"minecraft:crafting_table":3,"minecraft:wooden_hoe":13,"minecraft:birch_sapling":1,"minecraft:stone_axe":185,"minecraft:oak_sapling":1,"minecraft:porkchop":4,"alexsmobs:animal_dictionary":3,"minecraft:potato":218,"minecraft:cherry_log":7},"minecraft:custom":{"minecraft:mob_kills":16,"minecraft:interact_with_crafting_table":7,"minecraft:leave_game":2,"minecraft:time_since_death":23723,"minecraft:sleep_in_bed":1,"minecraft:climb_one_cm":1485,"minecraft:time_since_rest":13950,"minecraft:sprint_one_cm":105590,"minecraft:damage_taken":1006,"minecraft:walk_one_cm":97848,"minecraft:drop":8,"minecraft:damage_dealt":2610,"minecraft:swim_one_cm":15977,"minecraft:player_kills":1,"minecraft:fly_one_cm":156464,"minecraft:open_chest":12,"minecraft:crouch_one_cm":8458,"minecraft:play_time":31758,"minecraft:deaths":3,"minecraft:sneak_time":2530,"minecraft:walk_under_water_one_cm":518,"minecraft:jump":829,"minecraft:interact_with_blast_furnace":2,"minecraft:walk_on_water_one_cm":3240,"minecraft:interact_with_smoker":12,"minecraft:total_world_time":31758,"minecraft:fall_one_cm":26448},"minecraft:killed":{"minecraft:pig":6,"minecraft:iron_golem":1,"minecraft:skeleton":1,"minecraft:zombie":1,"alexsmobs:terrapin":1,"minecraft:chicken":4,"minecraft:cow":2},"minecraft:crafted":{"minecraft:oak_planks":20,"minecraft:crafting_table":3,"minecraft:wooden_pickaxe":1,"minecraft:baked_potato":50,"minecraft:oak_wood":3,"minecraft:birch_planks":48,"minecraft:stone_axe":1,"minecraft:air":0,"minecraft:wooden_hoe":1,"minecraft:stick":8,"minecraft:iron_ingot":1,"minecraft:stone_pickaxe":1,"minecraft:chest":2,"minecraft:torch":4},"minecraft:killed_by":{"minecraft:player":3},"minecraft:mined":{"minecraft:mossy_cobblestone":4,"minecraft:cherry_log":32,"minecraft:crafting_table":1,"minecraft:blast_furnace":1,"minecraft:grass_block":14,"minecraft:melon":2,"minecraft:cobblestone":17,"minecraft:cartography_table":1,"minecraft:diorite":21,"minecraft:birch_sapling":1,"minecraft:pink_petals":2,"minecraft:carrots":7,"minecraft:iron_ore":6,"minecraft:birch_log":12,"minecraft:wheat":25,"minecraft:white_carpet":1,"minecraft:grass":5,"minecraft:oak_log":13,"minecraft:potatoes":153,"minecraft:coal_ore":18,"minecraft:beetroots":1,"minecraft:cherry_leaves":1,"minecraft:dirt":10,"minecraft:stone":16,"minecraft:oak_leaves":5},"minecraft:picked_up":{"minecraft:birch_log":12,"minecraft:pink_petals":6,"minecraft:crafting_table":1,"minecraft:wheat":23,"minecraft:feather":3,"minecraft:chicken":4,"minecraft:leather":2,"minecraft:wooden_pickaxe":1,"minecraft:potato":525,"minecraft:oak_log":13,"minecraft:dirt":23,"man:cassette_1safetyinstructions":1,"minecraft:cooked_mutton":1,"minecraft:white_carpet":1,"minecraft:beetroot":1,"minecraft:wheat_seeds":53,"minecraft:cartography_table":1,"minecraft:beef":5,"minecraft:melon_slice":10,"minecraft:birch_sapling":5,"minecraft:raw_iron":5,"minecraft:stick":6,"minecraft:poisonous_potato":4,"minecraft:porkchop":14,"minecraft:cherry_log":32,"minecraft:blast_furnace":1,"minecraft:diorite":21,"minecraft:carrot":21,"minecraft:mossy_cobblestone":4,"minecraft:arrow":1,"minecraft:rotten_flesh":1,"minecraft:beetroot_seeds":3,"minecraft:bone_meal":1,"minecraft:cherry_sapling":8,"minecraft:oak_sapling":1,"minecraft:coal":18,"minecraft:cobblestone":33}},"DataVersion":3465}