{"stats":{"minecraft:dropped":{"minecraft:porkchop":3,"minecraft:mossy_cobblestone":4,"minecraft:beetroot":1,"minecraft:rotten_flesh":1,"man:cassette_1safetyinstructions":1,"minecraft:wooden_pickaxe":1},"minecraft:used":{"minecraft:wheat_seeds":10,"minecraft:cooked_mutton":1,"minecraft:birch_planks":7,"minecraft:stone_pickaxe":130,"minecraft:baked_potato":8,"minecraft:chest":2,"minecraft:wooden_pickaxe":3,"minecraft:diamond_axe":3,"minecraft:torch":6,"minecraft:dirt":22,"minecraft:crafting_table":8,"minecraft:wooden_hoe":13,"minecraft:diamond_pickaxe":58,"minecraft:birch_sapling":1,"minecraft:iron_pickaxe":95,"minecraft:stone_axe":188,"minecraft:cobblestone":1,"minecraft:furnace":1,"minecraft:oak_sapling":1,"minecraft:porkchop":4,"minecraft:andesite":5,"alexsmobs:animal_dictionary":3,"minecraft:potato":218,"minecraft:cherry_log":7},"minecraft:custom":{"minecraft:interact_with_furnace":3,"minecraft:mob_kills":17,"minecraft:interact_with_crafting_table":13,"minecraft:leave_game":2,"minecraft:time_since_death":35723,"minecraft:sleep_in_bed":1,"minecraft:climb_one_cm":1485,"minecraft:time_since_rest":25950,"minecraft:sprint_one_cm":112860,"minecraft:damage_taken":1261,"minecraft:walk_one_cm":113556,"minecraft:drop":8,"minecraft:damage_dealt":2810,"minecraft:swim_one_cm":19047,"minecraft:player_kills":1,"minecraft:fly_one_cm":169620,"minecraft:open_chest":14,"minecraft:crouch_one_cm":11910,"minecraft:play_time":43758,"minecraft:deaths":3,"minecraft:sneak_time":3764,"minecraft:walk_under_water_one_cm":2351,"minecraft:jump":929,"minecraft:interact_with_blast_furnace":2,"minecraft:walk_on_water_one_cm":3709,"minecraft:interact_with_smoker":12,"minecraft:total_world_time":43758,"minecraft:fall_one_cm":30682},"minecraft:broken":{"minecraft:stone_pickaxe":1},"minecraft:killed":{"minecraft:pig":6,"minecraft:iron_golem":1,"minecraft:skeleton":2,"minecraft:zombie":1,"alexsmobs:terrapin":1,"minecraft:chicken":4,"minecraft:cow":2},"minecraft:crafted":{"minecraft:oak_planks":20,"minecraft:diamond_axe":1,"minecraft:crafting_table":4,"minecraft:wooden_pickaxe":1,"minecraft:baked_potato":50,"minecraft:furnace":1,"minecraft:oak_wood":3,"minecraft:birch_planks":48,"minecraft:stone_axe":1,"minecraft:air":0,"minecraft:diamond_pickaxe":1,"minecraft:wooden_hoe":1,"minecraft:stick":12,"minecraft:iron_pickaxe":1,"minecraft:iron_ingot":3,"minecraft:stone_pickaxe":1,"minecraft:chest":2,"minecraft:diamond_boots":1,"minecraft:torch":12,"minecraft:diamond_chestplate":1},"minecraft:killed_by":{"minecraft:player":3},"minecraft:mined":{"minecraft:deepslate_redstone_ore":5,"minecraft:tuff":2,"minecraft:mossy_cobblestone":4,"minecraft:deepslate_diamond_ore":19,"minecraft:cherry_log":32,"minecraft:crafting_table":5,"minecraft:blast_furnace":1,"minecraft:grass_block":14,"minecraft:melon":2,"minecraft:cobblestone":18,"minecraft:deepslate_gold_ore":9,"minecraft:cartography_table":1,"minecraft:diorite":28,"minecraft:birch_sapling":1,"minecraft:pink_petals":2,"minecraft:carrots":7,"minecraft:iron_ore":10,"minecraft:birch_log":12,"minecraft:wheat":25,"minecraft:white_carpet":1,"minecraft:andesite":28,"minecraft:grass":5,"minecraft:oak_log":13,"minecraft:potatoes":153,"minecraft:coal_ore":18,"minecraft:beetroots":1,"minecraft:cherry_leaves":1,"minecraft:gravel":1,"minecraft:dirt":10,"minecraft:stone":90,"minecraft:oak_leaves":5,"minecraft:deepslate":43},"minecraft:picked_up":{"minecraft:birch_log":12,"minecraft:pink_petals":6,"minecraft:crafting_table":5,"minecraft:wheat":23,"minecraft:feather":3,"minecraft:chicken":4,"minecraft:andesite":27,"minecraft:leather":2,"minecraft:wooden_pickaxe":1,"minecraft:potato":525,"minecraft:tuff":2,"minecraft:oak_log":13,"minecraft:dirt":23,"man:cassette_1safetyinstructions":1,"minecraft:bone":1,"minecraft:cooked_mutton":1,"minecraft:white_carpet":1,"minecraft:beetroot":1,"minecraft:wheat_seeds":53,"minecraft:cartography_table":1,"minecraft:cobbled_deepslate":43,"minecraft:raw_gold":8,"minecraft:beef":5,"minecraft:melon_slice":10,"minecraft:birch_sapling":5,"minecraft:raw_iron":10,"minecraft:stick":6,"minecraft:gravel":1,"minecraft:poisonous_potato":4,"minecraft:porkchop":14,"minecraft:cherry_log":32,"minecraft:blast_furnace":1,"minecraft:diorite":28,"minecraft:carrot":21,"minecraft:redstone":21,"minecraft:mossy_cobblestone":4,"minecraft:arrow":2,"minecraft:rotten_flesh":1,"minecraft:diamond":19,"minecraft:beetroot_seeds":3,"minecraft:bone_meal":1,"minecraft:cherry_sapling":8,"minecraft:oak_sapling":1,"minecraft:coal":18,"minecraft:cobblestone":108}},"DataVersion":3465}