{"stats":{"minecraft:custom":{"minecraft:time_since_rest":981,"minecraft:crouch_one_cm":1805,"minecraft:play_time":4492,"minecraft:sprint_one_cm":16181,"minecraft:walk_one_cm":6493,"minecraft:damage_taken":250,"minecraft:deaths":1,"minecraft:sneak_time":576,"minecraft:walk_under_water_one_cm":320,"minecraft:jump":116,"minecraft:damage_dealt":119,"minecraft:leave_game":1,"minecraft:walk_on_water_one_cm":522,"minecraft:time_since_death":956,"minecraft:total_world_time":4492,"minecraft:climb_one_cm":1485,"minecraft:swim_one_cm":6033,"minecraft:fall_one_cm":2150,"minecraft:fly_one_cm":19006},"minecraft:crafted":{"minecraft:oak_planks":8,"minecraft:birch_planks":48},"minecraft:killed_by":{"minecraft:player":1},"minecraft:mined":{"minecraft:oak_log":2,"minecraft:melon":2,"minecraft:birch_log":12},"minecraft:picked_up":{"minecraft:birch_log":12,"minecraft:stick":2,"minecraft:oak_log":2,"minecraft:melon_slice":10,"minecraft:birch_sapling":4}},"DataVersion":3465}