{"stats":{"minecraft:custom":{"minecraft:mob_kills":47,"minecraft:interact_with_crafting_table":42,"minecraft:leave_game":5,"minecraft:time_since_death":14439,"minecraft:climb_one_cm":1485,"minecraft:sprint_one_cm":356322,"minecraft:walk_one_cm":302348,"minecraft:damage_blocked_by_shield":2105,"minecraft:drop":14,"minecraft:play_time":145880,"minecraft:deaths":19,"minecraft:sneak_time":7388,"minecraft:walk_under_water_one_cm":8482,"minecraft:jump":3221,"minecraft:interact_with_blast_furnace":36,"minecraft:walk_on_water_one_cm":10821,"minecraft:total_world_time":145880,"minecraft:interact_with_furnace":13,"minecraft:interact_with_stonecutter":2,"minecraft:sleep_in_bed":1,"minecraft:time_since_rest":14463,"minecraft:damage_taken":9227,"minecraft:damage_dealt":9205,"minecraft:swim_one_cm":22433,"minecraft:fly_one_cm":614043,"minecraft:player_kills":3,"minecraft:open_chest":59,"minecraft:crouch_one_cm":23767,"minecraft:interact_with_smoker":16,"minecraft:fall_one_cm":160108},"minecraft:used":{"minecraft:chest":2,"minecraft:shield":27,"minecraft:rotten_flesh":2,"minecraft:torch":10,"minecraft:dirt":40,"minecraft:tuff":14,"minecraft:lava_bucket":4,"minecraft:birch_sapling":1,"simpleplanes:plane":1,"minecraft:oak_sapling":1,"minecraft:furnace":1,"minecraft:egg":1,"minecraft:potato":218,"minecraft:cherry_log":7,"minecraft:wheat_seeds":10,"minecraft:cooked_mutton":1,"minecraft:water_bucket":17,"minecraft:birch_planks":7,"minecraft:stone_pickaxe":130,"minecraft:baked_potato":34,"minecraft:wooden_pickaxe":3,"minecraft:cherry_planks":3,"minecraft:diamond_axe":120,"simpleplanes:helicopter":9,"minecraft:crafting_table":9,"minecraft:blast_furnace":1,"minecraft:wooden_hoe":13,"minecraft:diamond_pickaxe":781,"minecraft:string":1,"minecraft:iron_pickaxe":95,"minecraft:gravel":3,"minecraft:stone_axe":188,"simpleplanes:plane_workbench":1,"minecraft:cobblestone":16,"minecraft:porkchop":4,"minecraft:andesite":5,"minecraft:bucket":28,"alexsmobs:animal_dictionary":26},"minecraft:killed":{"minecraft:spider":4,"minecraft:skeleton":5,"minecraft:chicken":5,"minecraft:pig":6,"minecraft:iron_golem":1,"minecraft:zombie":21,"alexsmobs:terrapin":1,"minecraft:glow_squid":1,"minecraft:cow":2},"minecraft:dropped":{"minecraft:porkchop":3,"minecraft:mossy_cobblestone":4,"minecraft:poisonous_potato":1,"man:cassette_1safetyinstructions":1,"minecraft:tuff":3,"minecraft:beetroot":1,"minecraft:rotten_flesh":1,"minecraft:gunpowder":3,"minecraft:diamond_pickaxe":3,"minecraft:wooden_pickaxe":1},"minecraft:mined":{"minecraft:tuff":87,"minecraft:mossy_cobblestone":9,"minecraft:deepslate_diamond_ore":92,"minecraft:cherry_log":32,"minecraft:obsidian":2,"minecraft:grass_block":47,"minecraft:cartography_table":1,"minecraft:raw_iron_block":1,"minecraft:carrots":7,"minecraft:iron_ore":36,"minecraft:fire":2,"minecraft:andesite":28,"minecraft:deepslate_lapis_ore":18,"minecraft:sculk_shrieker":2,"minecraft:potatoes":153,"minecraft:deepslate_iron_ore":81,"minecraft:stone":127,"minecraft:tripwire":1,"minecraft:deepslate_redstone_ore":35,"minecraft:crafting_table":7,"minecraft:blast_furnace":2,"minecraft:melon":2,"minecraft:cobblestone":27,"minecraft:copper_ore":6,"minecraft:deepslate_gold_ore":41,"minecraft:sculk":1,"minecraft:diorite":28,"minecraft:pink_petals":2,"minecraft:birch_sapling":1,"minecraft:birch_log":12,"minecraft:wheat":25,"minecraft:white_carpet":1,"minecraft:grass":9,"minecraft:oak_log":25,"minecraft:coal_ore":40,"minecraft:beetroots":1,"minecraft:cherry_leaves":1,"minecraft:gravel":3,"minecraft:dirt":15,"minecraft:oak_leaves":6,"minecraft:deepslate":315},"minecraft:broken":{"minecraft:stone_pickaxe":1},"minecraft:crafted":{"minecraft:cherry_planks":12,"minecraft:oak_planks":32,"simpleplanes:helicopter":1,"simpleplanes:plane_workbench":1,"minecraft:furnace":1,"minecraft:heavy_weighted_pressure_plate":2,"minecraft:diamond_helmet":1,"minecraft:iron_axe":1,"minecraft:stone_pickaxe":1,"minecraft:chest":2,"minecraft:diamond_boots":1,"simpleplanes:propeller":6,"simpleplanes:plane":1,"minecraft:diamond_axe":1,"minecraft:crafting_table":5,"minecraft:wooden_pickaxe":1,"minecraft:baked_potato":50,"minecraft:copper_ingot":1,"minecraft:gold_block":1,"minecraft:birch_planks":48,"minecraft:bucket":4,"minecraft:oak_wood":3,"minecraft:stone_axe":1,"simpleplanes:liquid_engine":1,"minecraft:air":0,"minecraft:wooden_hoe":1,"minecraft:diamond_pickaxe":1,"minecraft:shield":1,"minecraft:stick":20,"minecraft:iron_ingot":45,"minecraft:iron_pickaxe":2,"minecraft:gold_ingot":9,"minecraft:torch":12,"minecraft:diamond_chestplate":1},"minecraft:killed_by":{"minecraft:player":4,"alexsmobs:murmur_head":1,"alexsmobs:tiger":1,"minecraft:zombie":1,"alexsmobs:grizzly_bear":1},"minecraft:picked_up":{"minecraft:crafting_table":7,"minecraft:wheat":23,"minecraft:chicken":4,"minecraft:wooden_pickaxe":1,"minecraft:string":4,"minecraft:raw_copper":43,"minecraft:white_carpet":1,"minecraft:beetroot":1,"minecraft:cartography_table":1,"minecraft:cobbled_deepslate":323,"minecraft:beef":5,"minecraft:melon_slice":10,"minecraft:birch_sapling":5,"minecraft:egg":1,"minecraft:stick":6,"minecraft:raw_iron":228,"minecraft:porkchop":14,"minecraft:cherry_log":32,"minecraft:diorite":28,"minecraft:carrot":21,"minecraft:redstone":179,"minecraft:arrow":3,"minecraft:rotten_flesh":18,"minecraft:beetroot_seeds":3,"minecraft:obsidian":2,"minecraft:cobblestone":154,"minecraft:birch_log":12,"minecraft:pink_petals":6,"simpleplanes:helicopter":8,"minecraft:feather":3,"minecraft:glow_ink_sac":2,"minecraft:andesite":27,"minecraft:leather":2,"minecraft:potato":525,"minecraft:tuff":84,"minecraft:oak_log":31,"minecraft:gunpowder":5,"minecraft:lapis_lazuli":273,"minecraft:dirt":75,"man:cassette_1safetyinstructions":1,"minecraft:cooked_mutton":1,"minecraft:bone":5,"minecraft:wheat_seeds":54,"minecraft:raw_gold":76,"minecraft:iron_ingot":5,"minecraft:poisonous_potato":5,"minecraft:raw_iron_block":1,"minecraft:gravel":3,"minecraft:blast_furnace":2,"minecraft:leather_helmet":1,"minecraft:mossy_cobblestone":9,"minecraft:diamond":127,"minecraft:bone_meal":1,"minecraft:cherry_sapling":8,"minecraft:oak_sapling":5,"minecraft:coal":68,"minecraft:diamond_pickaxe":3}},"DataVersion":3465}