{"stats":{"minecraft:dropped":{"minecraft:stone_axe":2,"man:cassette_1safetyinstructions":1,"minecraft:cooked_mutton":1,"minecraft:wooden_pickaxe":1},"minecraft:used":{"minecraft:cooked_mutton":1,"minecraft:stone_pickaxe":332,"minecraft:chest":2,"minecraft:wooden_pickaxe":16,"minecraft:cooked_chicken":1,"minecraft:mossy_cobblestone":7,"minecraft:dirt":36,"minecraft:crafting_table":4,"minecraft:granite":8,"minecraft:smoker":2,"minecraft:apple":2,"minecraft:bread":2,"minecraft:brown_wool":1,"minecraft:stone_axe":151,"minecraft:cobblestone":3,"minecraft:beef":3,"minecraft:furnace":2,"minecraft:andesite":6,"minecraft:cooked_beef":2,"minecraft:enchanted_golden_apple":1},"minecraft:custom":{"minecraft:interact_with_furnace":14,"minecraft:mob_kills":20,"minecraft:interact_with_crafting_table":12,"minecraft:leave_game":3,"minecraft:time_since_death":6514,"minecraft:climb_one_cm":825,"minecraft:damage_resisted":94,"minecraft:time_since_rest":6542,"minecraft:sprint_one_cm":136333,"minecraft:walk_one_cm":168162,"minecraft:damage_taken":2596,"minecraft:damage_absorbed":160,"minecraft:drop":5,"minecraft:damage_dealt":4134,"minecraft:swim_one_cm":18033,"minecraft:player_kills":3,"minecraft:fly_one_cm":157656,"minecraft:open_chest":1,"minecraft:crouch_one_cm":6856,"minecraft:play_time":60255,"minecraft:deaths":7,"minecraft:sneak_time":3968,"minecraft:walk_under_water_one_cm":3244,"minecraft:jump":1020,"minecraft:walk_on_water_one_cm":6108,"minecraft:interact_with_smoker":7,"minecraft:total_world_time":60255,"minecraft:fall_one_cm":27279},"minecraft:broken":{"minecraft:stone_pickaxe":2},"minecraft:killed":{"minecraft:pig":2,"alexsmobs:raccoon":1,"minecraft:spider":7,"minecraft:bat":1,"minecraft:skeleton":1,"minecraft:zombie":2,"minecraft:chicken":1,"minecraft:cow":5},"minecraft:crafted":{"minecraft:cooked_beef":3,"minecraft:smooth_stone":3,"minecraft:oak_planks":32,"minecraft:cooked_porkchop":3,"minecraft:crafting_table":2,"minecraft:cooked_chicken":1,"minecraft:wooden_pickaxe":1,"minecraft:furnace":3,"minecraft:blast_furnace":1,"minecraft:stone":3,"minecraft:stone_axe":2,"minecraft:cooked_mutton":2,"minecraft:air":0,"minecraft:stick":8,"minecraft:iron_ingot":5,"minecraft:stone_pickaxe":3,"minecraft:smoker":1},"minecraft:killed_by":{"minecraft:player":1,"minecraft:skeleton":3,"minecraft:creeper":1,"minecraft:zombie":1},"minecraft:mined":{"minecraft:mossy_cobblestone":3,"minecraft:smoker":2,"minecraft:jungle_leaves":2,"minecraft:crafting_table":4,"minecraft:granite":8,"minecraft:grass_block":29,"minecraft:chest":4,"minecraft:cobblestone":9,"minecraft:spawner":1,"minecraft:furnace":2,"minecraft:iron_ore":14,"minecraft:andesite":6,"minecraft:grass":106,"minecraft:oak_log":32,"minecraft:coal_ore":55,"minecraft:deepslate_iron_ore":2,"minecraft:dirt":16,"minecraft:stone":216,"minecraft:oak_leaves":7},"minecraft:picked_up":{"minecraft:crafting_table":4,"minecraft:wheat":2,"minecraft:feather":1,"minecraft:chicken":1,"minecraft:andesite":6,"minecraft:leather":7,"minecraft:brown_wool":1,"minecraft:smoker":2,"minecraft:enchanted_book":1,"minecraft:oak_log":33,"minecraft:gunpowder":4,"minecraft:string":14,"minecraft:dirt":46,"man:cassette_1safetyinstructions":1,"minecraft:apple":2,"minecraft:wheat_seeds":9,"minecraft:bucket":1,"minecraft:beef":10,"minecraft:enchanted_golden_apple":1,"minecraft:chest":4,"minecraft:furnace":2,"minecraft:egg":1,"minecraft:raw_iron":16,"minecraft:stick":6,"minecraft:porkchop":3,"minecraft:spider_eye":4,"minecraft:mossy_cobblestone":7,"minecraft:rotten_flesh":13,"minecraft:stone_axe":1,"minecraft:granite":8,"minecraft:bread":2,"minecraft:oak_sapling":3,"minecraft:mutton":2,"minecraft:coal":57,"minecraft:cobblestone":226}},"DataVersion":3465}