{"stats":{"minecraft:killed":{"minecraft:spider":6},"minecraft:dropped":{"minecraft:stone_axe":1},"minecraft:custom":{"minecraft:time_since_rest":10995,"minecraft:sprint_one_cm":6293,"minecraft:damage_taken":70,"minecraft:walk_one_cm":28762,"minecraft:mob_kills":6,"minecraft:drop":1,"minecraft:damage_dealt":989,"minecraft:swim_one_cm":5283,"minecraft:interact_with_crafting_table":3,"minecraft:fly_one_cm":2911,"minecraft:open_chest":1,"minecraft:play_time":10995,"minecraft:crouch_one_cm":1164,"minecraft:walk_under_water_one_cm":108,"minecraft:sneak_time":645,"minecraft:jump":94,"minecraft:leave_game":1,"minecraft:time_since_death":10995,"minecraft:walk_on_water_one_cm":286,"minecraft:total_world_time":10995,"minecraft:fall_one_cm":1496},"minecraft:used":{"minecraft:stone_pickaxe":33,"minecraft:brown_wool":1,"minecraft:chest":2,"minecraft:wooden_pickaxe":13,"minecraft:stone_axe":14,"minecraft:mossy_cobblestone":3,"minecraft:dirt":3,"minecraft:crafting_table":1},"minecraft:picked_up":{"minecraft:stick":2,"minecraft:wheat":2,"minecraft:brown_wool":1,"minecraft:enchanted_book":1,"minecraft:oak_log":8,"minecraft:gunpowder":4,"minecraft:mossy_cobblestone":3,"minecraft:dirt":11,"minecraft:spider_eye":4,"minecraft:string":14,"minecraft:rotten_flesh":13,"minecraft:apple":2,"minecraft:stone_axe":1,"minecraft:wheat_seeds":6,"minecraft:bucket":1,"minecraft:bread":2,"minecraft:enchanted_golden_apple":1,"minecraft:chest":2,"minecraft:mutton":2,"minecraft:coal":11,"minecraft:cobblestone":27},"minecraft:mined":{"minecraft:mossy_cobblestone":3,"minecraft:grass":20,"minecraft:oak_log":8,"minecraft:grass_block":8,"minecraft:coal_ore":10,"minecraft:chest":2,"minecraft:dirt":3,"minecraft:stone":27,"minecraft:oak_leaves":1,"minecraft:spawner":1},"minecraft:crafted":{"minecraft:oak_planks":32,"minecraft:crafting_table":1,"minecraft:stick":8,"minecraft:wooden_pickaxe":1,"minecraft:stone_pickaxe":1,"minecraft:stone_axe":1}},"DataVersion":3465}