{"stats":{"minecraft:killed":{"minecraft:skeleton":1,"minecraft:zombie":2,"minecraft:pig":2,"minecraft:spider":6,"minecraft:cow":3},"minecraft:dropped":{"minecraft:stone_axe":1},"minecraft:custom":{"minecraft:time_since_rest":172,"minecraft:sprint_one_cm":16767,"minecraft:damage_taken":850,"minecraft:walk_one_cm":79648,"minecraft:mob_kills":14,"minecraft:drop":1,"minecraft:damage_dealt":2822,"minecraft:swim_one_cm":9908,"minecraft:interact_with_crafting_table":3,"minecraft:fly_one_cm":11824,"minecraft:deaths":3,"minecraft:open_chest":1,"minecraft:play_time":22995,"minecraft:crouch_one_cm":2675,"minecraft:walk_under_water_one_cm":989,"minecraft:sneak_time":1528,"minecraft:jump":229,"minecraft:leave_game":1,"minecraft:time_since_death":139,"minecraft:walk_on_water_one_cm":2232,"minecraft:total_world_time":22995,"minecraft:fall_one_cm":2932},"minecraft:killed_by":{"minecraft:skeleton":3},"minecraft:used":{"minecraft:apple":1,"minecraft:stone_pickaxe":80,"minecraft:brown_wool":1,"minecraft:chest":2,"minecraft:wooden_pickaxe":13,"minecraft:stone_axe":70,"minecraft:mossy_cobblestone":3,"minecraft:dirt":13,"minecraft:crafting_table":1},"minecraft:picked_up":{"minecraft:stick":3,"minecraft:raw_iron":2,"minecraft:wheat":2,"minecraft:leather":3,"minecraft:brown_wool":1,"minecraft:enchanted_book":1,"minecraft:porkchop":3,"minecraft:oak_log":16,"minecraft:gunpowder":4,"minecraft:mossy_cobblestone":3,"minecraft:dirt":22,"minecraft:spider_eye":4,"minecraft:string":14,"minecraft:rotten_flesh":13,"minecraft:apple":2,"minecraft:stone_axe":1,"minecraft:wheat_seeds":8,"minecraft:bucket":1,"minecraft:beef":6,"minecraft:bread":2,"minecraft:enchanted_golden_apple":1,"minecraft:oak_sapling":1,"minecraft:chest":4,"minecraft:mutton":2,"minecraft:coal":11,"minecraft:cobblestone":71},"minecraft:mined":{"minecraft:mossy_cobblestone":3,"minecraft:grass":40,"minecraft:oak_log":16,"minecraft:grass_block":11,"minecraft:coal_ore":10,"minecraft:deepslate_iron_ore":2,"minecraft:chest":4,"minecraft:dirt":11,"minecraft:stone":71,"minecraft:oak_leaves":2,"minecraft:spawner":1},"minecraft:crafted":{"minecraft:oak_planks":32,"minecraft:crafting_table":1,"minecraft:stick":8,"minecraft:wooden_pickaxe":1,"minecraft:stone_pickaxe":1,"minecraft:stone_axe":1}},"DataVersion":3465}