{"stats":{"minecraft:mined":{"minecraft:infested_deepslate":2,"minecraft:tuff":88,"minecraft:mossy_cobblestone":3,"minecraft:deepslate_diamond_ore":59,"minecraft:jungle_leaves":2,"minecraft:obsidian":4,"minecraft:granite":12,"minecraft:grass_block":80,"minecraft:composter":1,"minecraft:spawner":1,"minecraft:hay_block":13,"minecraft:deepslate_brick_slab":2,"minecraft:raw_iron_block":5,"minecraft:furnace":2,"minecraft:iron_ore":99,"minecraft:cobbled_deepslate":2,"minecraft:andesite":6,"minecraft:potatoes":14,"minecraft:deepslate_iron_ore":12,"minecraft:oak_stairs":1,"minecraft:stone":360,"minecraft:smoker":3,"minecraft:crafting_table":5,"minecraft:blast_furnace":2,"minecraft:chest":6,"minecraft:tall_grass":16,"minecraft:cobblestone":9,"minecraft:lapis_ore":12,"minecraft:sugar_cane":57,"minecraft:oak_planks":2,"minecraft:sculk":2,"minecraft:diorite":1,"minecraft:birch_planks":2,"minecraft:grass":184,"minecraft:oak_log":32,"minecraft:coal_ore":56,"minecraft:gravel":7,"minecraft:dirt":28,"minecraft:oak_leaves":14,"minecraft:deepslate":234},"minecraft:broken":{"minecraft:stone_pickaxe":3,"minecraft:iron_pickaxe":2},"minecraft:killed_by":{"minecraft:player":2,"minecraft:creeper":1,"minecraft:iron_golem":1,"minecraft:skeleton":4,"minecraft:zombie":1},"minecraft:killed":{"alexsmobs:raccoon":1,"minecraft:spider":7,"minecraft:skeleton":2,"minecraft:chicken":1,"minecraft:silverfish":3,"minecraft:pig":4,"minecraft:bat":1,"minecraft:zombie":3,"minecraft:cow":5},"minecraft:crafted":{"minecraft:smooth_stone":3,"minecraft:oak_planks":32,"minecraft:raw_iron":45,"minecraft:stone_shovel":1,"minecraft:cooked_chicken":1,"minecraft:furnace":5,"minecraft:blast_furnace":1,"minecraft:stone":6,"minecraft:cooked_mutton":2,"minecraft:stone_pickaxe":3,"minecraft:chest":1,"minecraft:stone_hoe":1,"minecraft:smoker":2,"minecraft:wheat":117,"minecraft:cooked_beef":7,"minecraft:cooked_porkchop":6,"minecraft:crafting_table":3,"minecraft:wooden_pickaxe":1,"minecraft:baked_potato":7,"minecraft:stone_axe":2,"minecraft:bread":40,"minecraft:air":0,"minecraft:diamond_pickaxe":1,"minecraft:stick":16,"minecraft:iron_pickaxe":1,"minecraft:iron_ingot":125,"minecraft:iron_shovel":1,"minecraft:stonecutter":1},"minecraft:used":{"minecraft:iron_shovel":13,"minecraft:stone_shovel":43,"minecraft:chest":7,"minecraft:cooked_chicken":1,"minecraft:stone_hoe":17,"minecraft:dirt":96,"minecraft:deepslate_brick_slab":15,"minecraft:tuff":8,"minecraft:granite":12,"minecraft:oak_stairs":1,"minecraft:beef":3,"minecraft:furnace":4,"minecraft:egg":1,"minecraft:cooked_beef":3,"minecraft:potato":36,"minecraft:cobbled_deepslate":92,"minecraft:enchanted_golden_apple":1,"minecraft:wheat_seeds":17,"minecraft:cooked_mutton":1,"minecraft:water_bucket":31,"minecraft:birch_planks":2,"minecraft:baked_potato":5,"minecraft:stone_pickaxe":451,"minecraft:oak_planks":3,"minecraft:wooden_pickaxe":16,"minecraft:composter":1,"minecraft:stonecutter":1,"minecraft:sugar_cane":30,"minecraft:deepslate_bricks":64,"minecraft:mossy_cobblestone":7,"minecraft:crafting_table":8,"minecraft:blast_furnace":3,"minecraft:smoker":5,"minecraft:diamond_pickaxe":85,"minecraft:apple":2,"minecraft:bread":4,"minecraft:brown_wool":1,"minecraft:iron_pickaxe":500,"minecraft:stone_axe":201,"minecraft:cobblestone":3,"minecraft:cooked_porkchop":6,"minecraft:andesite":6,"minecraft:bucket":30,"alexsmobs:animal_dictionary":3,"minecraft:bone_meal":2},"minecraft:picked_up":{"minecraft:crafting_table":5,"minecraft:wheat":4,"minecraft:chicken":1,"minecraft:oak_stairs":1,"minecraft:enchanted_book":1,"minecraft:string":14,"minecraft:beetroot":1,"minecraft:cobbled_deepslate":233,"minecraft:bucket":1,"minecraft:beef":10,"minecraft:enchanted_golden_apple":1,"minecraft:sugar_cane":104,"minecraft:chest":6,"minecraft:egg":1,"minecraft:furnace":2,"minecraft:stick":8,"minecraft:raw_iron":111,"minecraft:composter":1,"minecraft:porkchop":6,"minecraft:diorite":1,"minecraft:arrow":3,"minecraft:rotten_flesh":16,"minecraft:hay_block":13,"minecraft:mutton":2,"minecraft:obsidian":4,"minecraft:cobblestone":370,"minecraft:feather":1,"minecraft:andesite":6,"minecraft:brown_wool":1,"minecraft:leather":7,"minecraft:smoker":3,"minecraft:potato":67,"minecraft:birch_planks":2,"minecraft:tuff":87,"minecraft:oak_log":33,"minecraft:gunpowder":4,"minecraft:lapis_lazuli":74,"minecraft:dirt":109,"man:cassette_1safetyinstructions":1,"minecraft:bone":2,"minecraft:apple":2,"minecraft:wheat_seeds":39,"minecraft:deepslate_brick_slab":2,"minecraft:iron_ingot":3,"minecraft:oak_planks":2,"minecraft:raw_iron_block":5,"minecraft:gravel":8,"minecraft:blast_furnace":2,"minecraft:spider_eye":4,"minecraft:mossy_cobblestone":7,"minecraft:diamond":59,"minecraft:stone_axe":1,"minecraft:granite":12,"minecraft:bone_meal":2,"minecraft:bread":2,"minecraft:oak_sapling":3,"minecraft:coal":59},"minecraft:custom":{"minecraft:mob_kills":27,"minecraft:interact_with_crafting_table":25,"minecraft:leave_game":5,"minecraft:time_since_death":23737,"minecraft:climb_one_cm":825,"minecraft:damage_resisted":94,"minecraft:sprint_one_cm":290927,"minecraft:walk_one_cm":367677,"minecraft:drop":15,"minecraft:talked_to_villager":1,"minecraft:play_time":141922,"minecraft:deaths":11,"minecraft:sneak_time":20074,"minecraft:walk_under_water_one_cm":5444,"minecraft:jump":2227,"minecraft:interact_with_blast_furnace":28,"minecraft:walk_on_water_one_cm":10954,"minecraft:total_world_time":141922,"minecraft:interact_with_furnace":21,"minecraft:interact_with_stonecutter":3,"minecraft:sleep_in_bed":2,"minecraft:time_since_rest":1901,"minecraft:damage_taken":4588,"minecraft:damage_absorbed":160,"minecraft:damage_dealt":5637,"minecraft:swim_one_cm":29772,"minecraft:fly_one_cm":417724,"minecraft:player_kills":3,"minecraft:open_chest":15,"minecraft:crouch_one_cm":40358,"minecraft:interact_with_smoker":23,"minecraft:fall_one_cm":66321},"minecraft:dropped":{"minecraft:wheat_seeds":11,"man:cassette_1safetyinstructions":1,"minecraft:stick":2,"minecraft:diorite":1,"minecraft:gravel":5,"minecraft:stone_axe":2,"minecraft:stone_shovel":1,"minecraft:beetroot":1,"minecraft:rotten_flesh":2,"minecraft:cooked_mutton":1,"minecraft:arrow":2,"minecraft:wooden_pickaxe":1}},"DataVersion":3465}