{"stats":{"minecraft:used":{"minecraft:stone_shovel":43,"minecraft:chest":6,"minecraft:cooked_chicken":1,"minecraft:stone_hoe":17,"minecraft:dirt":91,"minecraft:tuff":8,"minecraft:granite":12,"minecraft:beef":3,"minecraft:furnace":4,"minecraft:egg":1,"minecraft:cooked_beef":3,"minecraft:potato":36,"minecraft:cobbled_deepslate":92,"minecraft:enchanted_golden_apple":1,"minecraft:wheat_seeds":17,"minecraft:cooked_mutton":1,"minecraft:water_bucket":1,"minecraft:birch_planks":2,"minecraft:baked_potato":5,"minecraft:stone_pickaxe":451,"minecraft:oak_planks":3,"minecraft:wooden_pickaxe":16,"minecraft:composter":1,"minecraft:mossy_cobblestone":7,"minecraft:crafting_table":7,"minecraft:blast_furnace":3,"minecraft:smoker":5,"minecraft:diamond_pickaxe":83,"minecraft:apple":2,"minecraft:bread":4,"minecraft:brown_wool":1,"minecraft:iron_pickaxe":500,"minecraft:stone_axe":189,"minecraft:cobblestone":3,"minecraft:cooked_porkchop":6,"minecraft:andesite":6,"minecraft:bucket":1,"alexsmobs:animal_dictionary":3,"minecraft:bone_meal":2},"minecraft:dropped":{"minecraft:wheat_seeds":11,"man:cassette_1safetyinstructions":1,"minecraft:stick":2,"minecraft:diorite":1,"minecraft:gravel":5,"minecraft:stone_axe":2,"minecraft:stone_shovel":1,"minecraft:beetroot":1,"minecraft:rotten_flesh":2,"minecraft:cooked_mutton":1,"minecraft:arrow":2,"minecraft:wooden_pickaxe":1},"minecraft:broken":{"minecraft:stone_pickaxe":3,"minecraft:iron_pickaxe":2},"minecraft:custom":{"minecraft:mob_kills":27,"minecraft:interact_with_crafting_table":21,"minecraft:leave_game":4,"minecraft:time_since_death":7880,"minecraft:climb_one_cm":825,"minecraft:damage_resisted":94,"minecraft:sprint_one_cm":251960,"minecraft:walk_one_cm":319062,"minecraft:drop":15,"minecraft:talked_to_villager":1,"minecraft:play_time":126065,"minecraft:deaths":11,"minecraft:sneak_time":19156,"minecraft:walk_under_water_one_cm":4713,"minecraft:jump":1966,"minecraft:interact_with_blast_furnace":20,"minecraft:walk_on_water_one_cm":8829,"minecraft:total_world_time":126065,"minecraft:interact_with_furnace":16,"minecraft:sleep_in_bed":1,"minecraft:time_since_rest":9064,"minecraft:damage_taken":4576,"minecraft:damage_absorbed":160,"minecraft:damage_dealt":5632,"minecraft:swim_one_cm":20086,"minecraft:fly_one_cm":358853,"minecraft:player_kills":3,"minecraft:open_chest":11,"minecraft:crouch_one_cm":36778,"minecraft:interact_with_smoker":22,"minecraft:fall_one_cm":60344},"minecraft:killed":{"alexsmobs:raccoon":1,"minecraft:spider":7,"minecraft:skeleton":2,"minecraft:chicken":1,"minecraft:silverfish":3,"minecraft:pig":4,"minecraft:bat":1,"minecraft:zombie":3,"minecraft:cow":5},"minecraft:crafted":{"minecraft:smooth_stone":3,"minecraft:oak_planks":32,"minecraft:raw_iron":45,"minecraft:stone_shovel":1,"minecraft:cooked_chicken":1,"minecraft:furnace":5,"minecraft:blast_furnace":1,"minecraft:stone":3,"minecraft:cooked_mutton":2,"minecraft:stone_pickaxe":3,"minecraft:stone_hoe":1,"minecraft:smoker":2,"minecraft:wheat":117,"minecraft:cooked_beef":7,"minecraft:cooked_porkchop":6,"minecraft:crafting_table":3,"minecraft:wooden_pickaxe":1,"minecraft:baked_potato":7,"minecraft:stone_axe":2,"minecraft:bread":40,"minecraft:air":0,"minecraft:diamond_pickaxe":1,"minecraft:stick":16,"minecraft:iron_pickaxe":1,"minecraft:iron_ingot":36},"minecraft:killed_by":{"minecraft:player":2,"minecraft:creeper":1,"minecraft:iron_golem":1,"minecraft:skeleton":4,"minecraft:zombie":1},"minecraft:mined":{"minecraft:infested_deepslate":2,"minecraft:tuff":88,"minecraft:mossy_cobblestone":3,"minecraft:deepslate_diamond_ore":59,"minecraft:jungle_leaves":2,"minecraft:obsidian":4,"minecraft:granite":12,"minecraft:grass_block":62,"minecraft:composter":1,"minecraft:spawner":1,"minecraft:hay_block":13,"minecraft:raw_iron_block":5,"minecraft:furnace":2,"minecraft:iron_ore":99,"minecraft:cobbled_deepslate":2,"minecraft:andesite":6,"minecraft:potatoes":14,"minecraft:deepslate_iron_ore":12,"minecraft:stone":360,"minecraft:smoker":3,"minecraft:crafting_table":5,"minecraft:blast_furnace":2,"minecraft:chest":6,"minecraft:tall_grass":16,"minecraft:cobblestone":9,"minecraft:lapis_ore":12,"minecraft:oak_planks":2,"minecraft:sculk":2,"minecraft:diorite":1,"minecraft:birch_planks":2,"minecraft:grass":144,"minecraft:oak_log":32,"minecraft:coal_ore":56,"minecraft:gravel":7,"minecraft:dirt":28,"minecraft:oak_leaves":13,"minecraft:deepslate":234},"minecraft:picked_up":{"minecraft:crafting_table":5,"minecraft:wheat":4,"minecraft:chicken":1,"minecraft:enchanted_book":1,"minecraft:string":14,"minecraft:beetroot":1,"minecraft:cobbled_deepslate":233,"minecraft:bucket":1,"minecraft:beef":10,"minecraft:enchanted_golden_apple":1,"minecraft:chest":6,"minecraft:egg":1,"minecraft:furnace":2,"minecraft:stick":8,"minecraft:raw_iron":111,"minecraft:composter":1,"minecraft:porkchop":6,"minecraft:diorite":1,"minecraft:arrow":2,"minecraft:rotten_flesh":16,"minecraft:hay_block":13,"minecraft:mutton":2,"minecraft:obsidian":4,"minecraft:cobblestone":370,"minecraft:feather":1,"minecraft:andesite":6,"minecraft:brown_wool":1,"minecraft:leather":7,"minecraft:smoker":3,"minecraft:potato":67,"minecraft:birch_planks":2,"minecraft:tuff":87,"minecraft:oak_log":33,"minecraft:gunpowder":4,"minecraft:lapis_lazuli":74,"minecraft:dirt":91,"man:cassette_1safetyinstructions":1,"minecraft:bone":1,"minecraft:apple":2,"minecraft:wheat_seeds":37,"minecraft:iron_ingot":3,"minecraft:oak_planks":2,"minecraft:raw_iron_block":5,"minecraft:gravel":8,"minecraft:blast_furnace":2,"minecraft:spider_eye":4,"minecraft:mossy_cobblestone":7,"minecraft:diamond":59,"minecraft:stone_axe":1,"minecraft:granite":12,"minecraft:bone_meal":2,"minecraft:bread":2,"minecraft:oak_sapling":3,"minecraft:coal":59}},"DataVersion":3465}