{"stats":{"minecraft:custom":{"minecraft:interact_with_anvil":2,"minecraft:mob_kills":47,"minecraft:interact_with_crafting_table":59,"minecraft:leave_game":13,"minecraft:time_since_death":28190,"minecraft:damage_resisted":94,"minecraft:climb_one_cm":825,"minecraft:sprint_one_cm":519004,"minecraft:walk_one_cm":627538,"minecraft:drop":43,"minecraft:talked_to_villager":1,"minecraft:play_time":265291,"minecraft:sneak_time":24688,"minecraft:deaths":25,"minecraft:walk_under_water_one_cm":10926,"minecraft:jump":3955,"minecraft:interact_with_blast_furnace":55,"minecraft:walk_on_water_one_cm":16544,"minecraft:enchant_item":34,"minecraft:total_world_time":265291,"minecraft:interact_with_furnace":32,"minecraft:interact_with_stonecutter":17,"minecraft:interact_with_grindstone":29,"minecraft:sleep_in_bed":3,"minecraft:time_since_rest":19804,"minecraft:damage_taken":13602,"minecraft:damage_absorbed":160,"minecraft:damage_dealt":9825,"minecraft:player_kills":4,"minecraft:swim_one_cm":36788,"minecraft:fly_one_cm":770603,"minecraft:open_chest":81,"minecraft:crouch_one_cm":58371,"minecraft:interact_with_smoker":29,"minecraft:fall_one_cm":166471},"minecraft:killed":{"alexsmobs:raccoon":1,"minecraft:spider":12,"minecraft:skeleton":6,"minecraft:chicken":1,"minecraft:silverfish":3,"minecraft:pig":4,"minecraft:bat":1,"minecraft:zombie":13,"minecraft:cow":5},"minecraft:killed_by":{"minecraft:player":3,"minecraft:creeper":2,"minecraft:spider":1,"minecraft:iron_golem":1,"man:managgresive":1,"minecraft:skeleton":5,"minecraft:zombie":2},"minecraft:used":{"minecraft:chiseled_deepslate":12,"minecraft:enchanting_table":1,"minecraft:iron_shovel":259,"minecraft:flint_and_steel":1,"minecraft:redstone_ore":1,"minecraft:stone_shovel":43,"minecraft:redstone":1,"minecraft:chest":9,"minecraft:stone":19,"minecraft:deepslate_gold_ore":5,"minecraft:cooked_chicken":1,"minecraft:stone_hoe":17,"minecraft:dirt":150,"minecraft:anvil":1,"minecraft:deepslate_brick_slab":206,"minecraft:tuff":8,"minecraft:granite":12,"minecraft:obsidian":14,"minecraft:bookshelf":2,"minecraft:oak_stairs":1,"minecraft:diamond_chestplate":1,"simpleplanes:plane":6,"minecraft:beef":3,"minecraft:furnace":4,"minecraft:egg":1,"minecraft:potato":36,"minecraft:cooked_beef":7,"minecraft:cobbled_deepslate":92,"minecraft:enchanted_golden_apple":1,"simpleplanes:parachute":4,"minecraft:wheat_seeds":17,"minecraft:cooked_mutton":1,"minecraft:water_bucket":31,"minecraft:birch_planks":2,"minecraft:baked_potato":7,"minecraft:stone_pickaxe":451,"minecraft:oak_planks":3,"minecraft:wooden_pickaxe":16,"minecraft:sugar_cane":30,"minecraft:diamond_axe":13,"minecraft:composter":1,"minecraft:stonecutter":1,"minecraft:deepslate_bricks":119,"minecraft:gold_ore":14,"simpleplanes:helicopter":12,"minecraft:golden_apple":1,"minecraft:mossy_cobblestone":7,"minecraft:crafting_table":9,"minecraft:spider_eye":1,"minecraft:blast_furnace":4,"minecraft:deepslate_redstone_ore":1,"minecraft:smoker":5,"minecraft:diamond_pickaxe":213,"minecraft:apple":2,"minecraft:diamond_shovel":157,"minecraft:iron_pickaxe":500,"minecraft:bread":26,"minecraft:brown_wool":1,"minecraft:gravel":11,"minecraft:stone_axe":202,"simpleplanes:large_plane":1,"minecraft:diamond_sword":52,"minecraft:cobblestone":76,"minecraft:grindstone":3,"minecraft:cooked_porkchop":6,"minecraft:andesite":6,"minecraft:bucket":30,"alexsmobs:animal_dictionary":3,"minecraft:diamond_leggings":1,"minecraft:bone_meal":2},"minecraft:dropped":{"minecraft:iron_ingot":17,"minecraft:wheat_seeds":19,"minecraft:cobblestone":1,"minecraft:book":3,"man:cassette_1safetyinstructions":1,"minecraft:flint":2,"minecraft:stick":4,"minecraft:dirt":23,"minecraft:diorite":1,"minecraft:string":2,"minecraft:gravel":5,"minecraft:stone_axe":3,"minecraft:stone_shovel":1,"minecraft:beetroot":1,"minecraft:rotten_flesh":9,"minecraft:golden_shovel":1,"minecraft:cooked_mutton":1,"minecraft:poppy":4,"minecraft:diamond_pickaxe":3,"minecraft:spider_eye":2,"minecraft:arrow":4,"minecraft:wooden_pickaxe":1},"minecraft:mined":{"minecraft:infested_deepslate":2,"minecraft:tuff":88,"minecraft:mossy_cobblestone":9,"minecraft:deepslate_diamond_ore":59,"minecraft:jungle_leaves":2,"minecraft:obsidian":4,"minecraft:granite":12,"minecraft:grass_block":279,"minecraft:redstone_wire":1,"minecraft:composter":1,"minecraft:oxeye_daisy":1,"minecraft:spawner":2,"minecraft:hay_block":13,"minecraft:deepslate_brick_slab":10,"minecraft:raw_iron_block":5,"minecraft:redstone_ore":2,"minecraft:furnace":2,"minecraft:iron_ore":99,"minecraft:cobbled_deepslate":2,"minecraft:andesite":14,"minecraft:chiseled_deepslate":6,"minecraft:azure_bluet":1,"minecraft:bookshelf":1,"minecraft:potatoes":14,"minecraft:deepslate_iron_ore":12,"minecraft:dirt_path":3,"minecraft:oak_stairs":1,"minecraft:stone":398,"minecraft:tripwire":1,"minecraft:deepslate_redstone_ore":2,"minecraft:smoker":3,"minecraft:dandelion":2,"minecraft:cornflower":1,"minecraft:crafting_table":5,"minecraft:blast_furnace":3,"minecraft:poppy":1,"minecraft:chest":6,"minecraft:tall_grass":19,"minecraft:cobblestone":17,"minecraft:deepslate_gold_ore":10,"minecraft:lapis_ore":12,"minecraft:grindstone":1,"minecraft:oak_planks":2,"minecraft:sugar_cane":57,"minecraft:sculk":2,"minecraft:diorite":2,"minecraft:birch_planks":2,"minecraft:birch_log":6,"minecraft:grass":202,"minecraft:oak_log":32,"minecraft:coal_ore":56,"minecraft:gravel":18,"minecraft:dirt":93,"minecraft:sand":130,"minecraft:gold_ore":28,"minecraft:oak_leaves":16,"minecraft:deepslate":242},"minecraft:broken":{"minecraft:iron_shovel":1,"minecraft:stone_pickaxe":3,"minecraft:iron_pickaxe":2},"minecraft:crafted":{"minecraft:grindstone":2,"minecraft:smooth_stone":6,"minecraft:oak_planks":100,"minecraft:raw_iron":45,"minecraft:stone_shovel":1,"minecraft:cooked_chicken":1,"minecraft:furnace":6,"minecraft:blast_furnace":2,"minecraft:stone":7,"minecraft:bookshelf":2,"minecraft:cooked_mutton":2,"minecraft:flint_and_steel":1,"minecraft:diamond_leggings":1,"minecraft:stone_pickaxe":3,"minecraft:chest":4,"simpleplanes:propeller":2,"minecraft:stone_hoe":1,"sophisticatedbackpacks:iron_backpack":1,"minecraft:smoker":2,"minecraft:wheat":117,"minecraft:cooked_beef":15,"sophisticatedbackpacks:backpack":1,"minecraft:diamond_sword":1,"minecraft:cooked_porkchop":6,"minecraft:diamond_axe":1,"minecraft:crafting_table":4,"minecraft:enchanting_table":1,"simpleplanes:furnace_engine":1,"minecraft:wooden_pickaxe":1,"minecraft:baked_potato":7,"sophisticatedbackpacks:gold_backpack":1,"minecraft:birch_planks":24,"sophisticatedbackpacks:upgrade_base":2,"minecraft:stone_axe":2,"minecraft:bread":40,"minecraft:air":1,"minecraft:book":7,"minecraft:paper":63,"minecraft:diamond_pickaxe":5,"minecraft:chiseled_deepslate":4,"sophisticatedbackpacks:diamond_backpack":1,"minecraft:light_weighted_pressure_plate":3,"minecraft:stick":32,"minecraft:iron_ingot":233,"minecraft:iron_pickaxe":1,"minecraft:iron_block":3,"minecraft:iron_shovel":1,"minecraft:gold_ingot":16,"minecraft:stonecutter":1,"minecraft:anvil":1,"minecraft:diamond_chestplate":1},"minecraft:picked_up":{"minecraft:chiseled_deepslate":6,"minecraft:crafting_table":5,"minecraft:wheat":4,"minecraft:azure_bluet":1,"minecraft:chicken":1,"minecraft:oak_stairs":1,"minecraft:enchanted_book":1,"minecraft:cornflower":1,"minecraft:string":20,"minecraft:beetroot":1,"minecraft:cobbled_deepslate":233,"minecraft:bucket":1,"minecraft:beef":10,"minecraft:poppy":4,"minecraft:enchanted_golden_apple":1,"minecraft:sugar_cane":104,"minecraft:chest":6,"minecraft:birch_sapling":1,"minecraft:furnace":2,"minecraft:egg":1,"minecraft:stick":9,"minecraft:raw_iron":111,"minecraft:stone":38,"minecraft:composter":1,"minecraft:porkchop":6,"minecraft:diorite":1,"minecraft:redstone":11,"minecraft:arrow":5,"minecraft:rotten_flesh":27,"minecraft:hay_block":13,"minecraft:obsidian":4,"minecraft:mutton":2,"minecraft:cobblestone":378,"minecraft:oxeye_daisy":2,"minecraft:birch_log":6,"simpleplanes:helicopter":12,"minecraft:feather":1,"simpleplanes:parachute":4,"minecraft:andesite":6,"minecraft:brown_wool":1,"minecraft:leather":7,"minecraft:smoker":3,"minecraft:potato":67,"minecraft:birch_planks":2,"minecraft:flint":4,"minecraft:tuff":87,"minecraft:oak_log":33,"minecraft:gunpowder":4,"minecraft:lapis_lazuli":74,"minecraft:dirt":463,"man:cassette_1safetyinstructions":1,"minecraft:bone":6,"minecraft:apple":2,"minecraft:wheat_seeds":48,"minecraft:deepslate_brick_slab":13,"minecraft:raw_gold":43,"minecraft:iron_ingot":3,"minecraft:grindstone":1,"minecraft:oak_planks":2,"minecraft:book":6,"simpleplanes:plane":6,"minecraft:dandelion":7,"minecraft:raw_iron_block":5,"minecraft:gravel":16,"minecraft:sand":128,"minecraft:blast_furnace":3,"minecraft:gold_ore":14,"minecraft:spider_eye":7,"minecraft:mossy_cobblestone":7,"minecraft:diamond":59,"minecraft:stone_axe":2,"minecraft:deepslate_gold_ore":5,"minecraft:deepslate_redstone_ore":1,"minecraft:granite":12,"minecraft:redstone_ore":1,"minecraft:bone_meal":2,"minecraft:bread":2,"minecraft:oak_sapling":3,"minecraft:coal":59,"minecraft:diamond_pickaxe":3}},"DataVersion":3465}