{"stats":{"minecraft:dropped":{"minecraft:stone_axe":2,"minecraft:wheat_seeds":9,"minecraft:beetroot":1,"man:cassette_1safetyinstructions":1,"minecraft:cooked_mutton":1,"minecraft:wooden_pickaxe":1},"minecraft:used":{"minecraft:wheat_seeds":17,"minecraft:cooked_mutton":1,"minecraft:stone_shovel":43,"minecraft:oak_planks":3,"minecraft:birch_planks":2,"minecraft:baked_potato":2,"minecraft:stone_pickaxe":451,"minecraft:chest":6,"minecraft:wooden_pickaxe":16,"minecraft:composter":1,"minecraft:stone_hoe":17,"minecraft:cooked_chicken":1,"minecraft:mossy_cobblestone":7,"minecraft:dirt":91,"minecraft:crafting_table":6,"minecraft:blast_furnace":1,"minecraft:granite":12,"minecraft:smoker":4,"minecraft:apple":2,"minecraft:bread":4,"minecraft:brown_wool":1,"minecraft:iron_pickaxe":157,"minecraft:stone_axe":178,"minecraft:cobblestone":3,"minecraft:beef":3,"minecraft:furnace":3,"minecraft:cooked_porkchop":6,"minecraft:andesite":6,"alexsmobs:animal_dictionary":1,"minecraft:egg":1,"minecraft:potato":36,"minecraft:cooked_beef":3,"minecraft:bone_meal":2,"minecraft:enchanted_golden_apple":1},"minecraft:custom":{"minecraft:interact_with_furnace":14,"minecraft:mob_kills":23,"minecraft:interact_with_crafting_table":17,"minecraft:leave_game":3,"minecraft:time_since_death":10692,"minecraft:sleep_in_bed":1,"minecraft:climb_one_cm":825,"minecraft:damage_resisted":94,"minecraft:time_since_rest":10721,"minecraft:sprint_one_cm":223460,"minecraft:walk_one_cm":257556,"minecraft:damage_taken":4059,"minecraft:damage_absorbed":160,"minecraft:drop":7,"minecraft:damage_dealt":5121,"minecraft:talked_to_villager":1,"minecraft:swim_one_cm":19193,"minecraft:player_kills":3,"minecraft:fly_one_cm":282474,"minecraft:open_chest":5,"minecraft:crouch_one_cm":14952,"minecraft:play_time":96255,"minecraft:deaths":9,"minecraft:sneak_time":7946,"minecraft:walk_under_water_one_cm":4339,"minecraft:jump":1634,"minecraft:interact_with_blast_furnace":14,"minecraft:walk_on_water_one_cm":7228,"minecraft:interact_with_smoker":21,"minecraft:total_world_time":96255,"minecraft:fall_one_cm":50508},"minecraft:broken":{"minecraft:stone_pickaxe":3},"minecraft:killed":{"minecraft:pig":4,"alexsmobs:raccoon":1,"minecraft:spider":7,"minecraft:bat":1,"minecraft:skeleton":2,"minecraft:zombie":2,"minecraft:chicken":1,"minecraft:cow":5},"minecraft:crafted":{"minecraft:cooked_beef":7,"minecraft:smooth_stone":3,"minecraft:oak_planks":32,"minecraft:stone_shovel":1,"minecraft:cooked_porkchop":6,"minecraft:crafting_table":2,"minecraft:baked_potato":7,"minecraft:cooked_chicken":1,"minecraft:wooden_pickaxe":1,"minecraft:furnace":5,"minecraft:blast_furnace":1,"minecraft:stone":3,"minecraft:stone_axe":2,"minecraft:bread":40,"minecraft:cooked_mutton":2,"minecraft:air":0,"minecraft:stick":16,"minecraft:iron_pickaxe":1,"minecraft:iron_ingot":15,"minecraft:stone_pickaxe":3,"minecraft:stone_hoe":1,"minecraft:wheat":117,"minecraft:smoker":2},"minecraft:killed_by":{"minecraft:player":1,"minecraft:skeleton":4,"minecraft:creeper":1,"minecraft:zombie":1,"minecraft:iron_golem":1},"minecraft:mined":{"minecraft:mossy_cobblestone":3,"minecraft:smoker":2,"minecraft:jungle_leaves":2,"minecraft:crafting_table":4,"minecraft:granite":12,"minecraft:grass_block":62,"minecraft:chest":6,"minecraft:tall_grass":9,"minecraft:cobblestone":9,"minecraft:lapis_ore":12,"minecraft:oak_planks":2,"minecraft:composter":1,"minecraft:diorite":1,"minecraft:spawner":1,"minecraft:hay_block":13,"minecraft:birch_planks":2,"minecraft:furnace":2,"minecraft:iron_ore":91,"minecraft:andesite":6,"minecraft:grass":141,"minecraft:potatoes":14,"minecraft:oak_log":32,"minecraft:coal_ore":56,"minecraft:deepslate_iron_ore":3,"minecraft:dirt":28,"minecraft:stone":352,"minecraft:deepslate":5,"minecraft:oak_leaves":13},"minecraft:picked_up":{"minecraft:crafting_table":4,"minecraft:wheat":4,"minecraft:feather":1,"minecraft:chicken":1,"minecraft:andesite":6,"minecraft:leather":7,"minecraft:brown_wool":1,"minecraft:smoker":2,"minecraft:potato":67,"minecraft:birch_planks":2,"minecraft:enchanted_book":1,"minecraft:oak_log":33,"minecraft:gunpowder":4,"minecraft:lapis_lazuli":74,"minecraft:string":14,"minecraft:dirt":91,"man:cassette_1safetyinstructions":1,"minecraft:bone":1,"minecraft:beetroot":1,"minecraft:apple":2,"minecraft:wheat_seeds":37,"minecraft:cobbled_deepslate":5,"minecraft:bucket":1,"minecraft:iron_ingot":3,"minecraft:beef":10,"minecraft:enchanted_golden_apple":1,"minecraft:oak_planks":2,"minecraft:chest":6,"minecraft:furnace":2,"minecraft:egg":1,"minecraft:raw_iron":94,"minecraft:stick":6,"minecraft:composter":1,"minecraft:porkchop":6,"minecraft:diorite":1,"minecraft:spider_eye":4,"minecraft:mossy_cobblestone":7,"minecraft:arrow":2,"minecraft:rotten_flesh":14,"minecraft:stone_axe":1,"minecraft:hay_block":13,"minecraft:bone_meal":2,"minecraft:granite":12,"minecraft:bread":2,"minecraft:oak_sapling":3,"minecraft:mutton":2,"minecraft:coal":58,"minecraft:cobblestone":362}},"DataVersion":3465}