{"stats":{"minecraft:used":{"minecraft:stone_shovel":43,"minecraft:chest":6,"minecraft:stone_hoe":17,"minecraft:cooked_chicken":1,"minecraft:dirt":91,"minecraft:tuff":8,"minecraft:granite":12,"minecraft:beef":3,"minecraft:furnace":3,"minecraft:egg":1,"minecraft:cooked_beef":3,"minecraft:potato":36,"minecraft:cobbled_deepslate":52,"minecraft:enchanted_golden_apple":1,"minecraft:wheat_seeds":17,"minecraft:cooked_mutton":1,"minecraft:birch_planks":2,"minecraft:stone_pickaxe":451,"minecraft:baked_potato":2,"minecraft:oak_planks":3,"minecraft:wooden_pickaxe":16,"minecraft:composter":1,"minecraft:mossy_cobblestone":7,"minecraft:crafting_table":6,"minecraft:blast_furnace":1,"minecraft:smoker":4,"minecraft:apple":2,"minecraft:bread":4,"minecraft:brown_wool":1,"minecraft:iron_pickaxe":417,"minecraft:stone_axe":187,"minecraft:cobblestone":3,"minecraft:cooked_porkchop":6,"minecraft:andesite":6,"alexsmobs:animal_dictionary":1,"minecraft:bone_meal":2},"minecraft:dropped":{"minecraft:wheat_seeds":9,"man:cassette_1safetyinstructions":1,"minecraft:stone_axe":2,"minecraft:beetroot":1,"minecraft:cooked_mutton":1,"minecraft:wooden_pickaxe":1},"minecraft:broken":{"minecraft:stone_pickaxe":3,"minecraft:iron_pickaxe":1},"minecraft:custom":{"minecraft:mob_kills":27,"minecraft:interact_with_crafting_table":17,"minecraft:leave_game":3,"minecraft:time_since_death":22692,"minecraft:damage_resisted":94,"minecraft:climb_one_cm":825,"minecraft:sprint_one_cm":224609,"minecraft:walk_one_cm":284849,"minecraft:drop":7,"minecraft:talked_to_villager":1,"minecraft:play_time":108255,"minecraft:deaths":9,"minecraft:sneak_time":14347,"minecraft:walk_under_water_one_cm":4339,"minecraft:jump":1684,"minecraft:interact_with_blast_furnace":14,"minecraft:walk_on_water_one_cm":7228,"minecraft:total_world_time":108255,"minecraft:interact_with_furnace":14,"minecraft:sleep_in_bed":1,"minecraft:time_since_rest":22721,"minecraft:damage_taken":4149,"minecraft:damage_absorbed":160,"minecraft:damage_dealt":5632,"minecraft:fly_one_cm":283795,"minecraft:swim_one_cm":19193,"minecraft:player_kills":3,"minecraft:open_chest":5,"minecraft:crouch_one_cm":28074,"minecraft:interact_with_smoker":21,"minecraft:fall_one_cm":50988},"minecraft:killed":{"alexsmobs:raccoon":1,"minecraft:spider":7,"minecraft:skeleton":2,"minecraft:chicken":1,"minecraft:silverfish":3,"minecraft:pig":4,"minecraft:bat":1,"minecraft:zombie":3,"minecraft:cow":5},"minecraft:crafted":{"minecraft:smooth_stone":3,"minecraft:oak_planks":32,"minecraft:stone_shovel":1,"minecraft:cooked_chicken":1,"minecraft:furnace":5,"minecraft:blast_furnace":1,"minecraft:stone":3,"minecraft:cooked_mutton":2,"minecraft:stone_pickaxe":3,"minecraft:stone_hoe":1,"minecraft:smoker":2,"minecraft:wheat":117,"minecraft:cooked_beef":7,"minecraft:cooked_porkchop":6,"minecraft:crafting_table":2,"minecraft:wooden_pickaxe":1,"minecraft:baked_potato":7,"minecraft:stone_axe":2,"minecraft:bread":40,"minecraft:air":0,"minecraft:stick":16,"minecraft:iron_ingot":15,"minecraft:iron_pickaxe":1},"minecraft:killed_by":{"minecraft:player":1,"minecraft:creeper":1,"minecraft:iron_golem":1,"minecraft:skeleton":4,"minecraft:zombie":1},"minecraft:mined":{"minecraft:infested_deepslate":2,"minecraft:tuff":49,"minecraft:mossy_cobblestone":3,"minecraft:deepslate_diamond_ore":28,"minecraft:jungle_leaves":2,"minecraft:granite":12,"minecraft:grass_block":62,"minecraft:composter":1,"minecraft:spawner":1,"minecraft:hay_block":13,"minecraft:raw_iron_block":2,"minecraft:furnace":2,"minecraft:iron_ore":99,"minecraft:cobbled_deepslate":1,"minecraft:andesite":6,"minecraft:potatoes":14,"minecraft:deepslate_iron_ore":11,"minecraft:stone":360,"minecraft:smoker":2,"minecraft:crafting_table":4,"minecraft:chest":6,"minecraft:tall_grass":9,"minecraft:cobblestone":9,"minecraft:lapis_ore":12,"minecraft:oak_planks":2,"minecraft:diorite":1,"minecraft:birch_planks":2,"minecraft:grass":141,"minecraft:coal_ore":56,"minecraft:oak_log":32,"minecraft:dirt":28,"minecraft:oak_leaves":13,"minecraft:deepslate":159},"minecraft:picked_up":{"minecraft:crafting_table":4,"minecraft:wheat":4,"minecraft:chicken":1,"minecraft:enchanted_book":1,"minecraft:string":14,"minecraft:beetroot":1,"minecraft:cobbled_deepslate":160,"minecraft:bucket":1,"minecraft:beef":10,"minecraft:enchanted_golden_apple":1,"minecraft:chest":6,"minecraft:egg":1,"minecraft:furnace":2,"minecraft:stick":6,"minecraft:raw_iron":110,"minecraft:composter":1,"minecraft:porkchop":6,"minecraft:diorite":1,"minecraft:arrow":2,"minecraft:rotten_flesh":16,"minecraft:hay_block":13,"minecraft:mutton":2,"minecraft:cobblestone":370,"minecraft:feather":1,"minecraft:andesite":6,"minecraft:brown_wool":1,"minecraft:leather":7,"minecraft:smoker":2,"minecraft:potato":67,"minecraft:birch_planks":2,"minecraft:tuff":49,"minecraft:oak_log":33,"minecraft:gunpowder":4,"minecraft:lapis_lazuli":74,"minecraft:dirt":91,"man:cassette_1safetyinstructions":1,"minecraft:bone":1,"minecraft:apple":2,"minecraft:wheat_seeds":37,"minecraft:iron_ingot":3,"minecraft:oak_planks":2,"minecraft:raw_iron_block":2,"minecraft:spider_eye":4,"minecraft:mossy_cobblestone":7,"minecraft:diamond":28,"minecraft:stone_axe":1,"minecraft:granite":12,"minecraft:bone_meal":2,"minecraft:bread":2,"minecraft:oak_sapling":3,"minecraft:coal":58}},"DataVersion":3465}