{"stats":{"minecraft:used":{"minecraft:stone_pickaxe":283,"minecraft:chest":2,"minecraft:wooden_pickaxe":16,"minecraft:mossy_cobblestone":3,"minecraft:dirt":16,"minecraft:crafting_table":2,"minecraft:granite":8,"minecraft:apple":2,"minecraft:brown_wool":1,"minecraft:stone_axe":113,"minecraft:beef":3,"minecraft:andesite":6,"minecraft:enchanted_golden_apple":1},"minecraft:dropped":{"minecraft:stone_axe":2,"minecraft:wooden_pickaxe":1},"minecraft:custom":{"minecraft:mob_kills":17,"minecraft:interact_with_crafting_table":5,"minecraft:leave_game":3,"minecraft:time_since_death":3469,"minecraft:climb_one_cm":825,"minecraft:damage_resisted":94,"minecraft:time_since_rest":3508,"minecraft:sprint_one_cm":101730,"minecraft:walk_one_cm":134660,"minecraft:damage_taken":2180,"minecraft:damage_absorbed":160,"minecraft:drop":3,"minecraft:damage_dealt":3313,"minecraft:swim_one_cm":17082,"minecraft:player_kills":1,"minecraft:fly_one_cm":111969,"minecraft:open_chest":1,"minecraft:crouch_one_cm":4683,"minecraft:play_time":48255,"minecraft:deaths":6,"minecraft:sneak_time":2841,"minecraft:walk_under_water_one_cm":1417,"minecraft:jump":786,"minecraft:walk_on_water_one_cm":3223,"minecraft:total_world_time":48255,"minecraft:fall_one_cm":20837},"minecraft:broken":{"minecraft:stone_pickaxe":2},"minecraft:killed":{"minecraft:pig":2,"minecraft:spider":7,"minecraft:bat":1,"minecraft:skeleton":1,"minecraft:zombie":2,"minecraft:chicken":1,"minecraft:cow":3},"minecraft:crafted":{"minecraft:oak_planks":32,"minecraft:crafting_table":2,"minecraft:wooden_pickaxe":1,"minecraft:stone_axe":1,"minecraft:stick":8,"minecraft:stone_pickaxe":2},"minecraft:killed_by":{"minecraft:skeleton":3,"minecraft:creeper":1,"minecraft:zombie":1},"minecraft:mined":{"minecraft:mossy_cobblestone":3,"minecraft:jungle_leaves":2,"minecraft:granite":8,"minecraft:grass_block":24,"minecraft:chest":4,"minecraft:spawner":1,"minecraft:iron_ore":14,"minecraft:andesite":6,"minecraft:grass":85,"minecraft:oak_log":32,"minecraft:coal_ore":53,"minecraft:deepslate_iron_ore":2,"minecraft:dirt":11,"minecraft:stone":182,"minecraft:oak_leaves":5},"minecraft:picked_up":{"minecraft:wheat":2,"minecraft:feather":1,"minecraft:chicken":1,"minecraft:andesite":6,"minecraft:leather":3,"minecraft:brown_wool":1,"minecraft:enchanted_book":1,"minecraft:oak_log":33,"minecraft:gunpowder":4,"minecraft:string":14,"minecraft:dirt":35,"minecraft:apple":2,"minecraft:wheat_seeds":9,"minecraft:bucket":1,"minecraft:beef":6,"minecraft:enchanted_golden_apple":1,"minecraft:chest":4,"minecraft:egg":1,"minecraft:raw_iron":16,"minecraft:stick":6,"minecraft:porkchop":3,"minecraft:spider_eye":4,"minecraft:mossy_cobblestone":3,"minecraft:rotten_flesh":13,"minecraft:stone_axe":1,"minecraft:granite":8,"minecraft:bread":2,"minecraft:oak_sapling":3,"minecraft:mutton":2,"minecraft:coal":54,"minecraft:cobblestone":183}},"DataVersion":3465}