{"stats":{"minecraft:custom":{"minecraft:interact_with_anvil":1,"minecraft:mob_kills":30,"minecraft:interact_with_crafting_table":42,"minecraft:leave_game":6,"minecraft:time_since_death":13594,"minecraft:climb_one_cm":825,"minecraft:damage_resisted":94,"minecraft:sprint_one_cm":349819,"minecraft:walk_one_cm":466010,"minecraft:drop":18,"minecraft:talked_to_villager":1,"minecraft:play_time":177528,"minecraft:deaths":14,"minecraft:sneak_time":21326,"minecraft:walk_under_water_one_cm":6432,"minecraft:jump":2728,"minecraft:interact_with_blast_furnace":38,"minecraft:walk_on_water_one_cm":11397,"minecraft:enchant_item":29,"minecraft:total_world_time":177528,"minecraft:interact_with_furnace":26,"minecraft:interact_with_stonecutter":10,"minecraft:interact_with_grindstone":26,"minecraft:sleep_in_bed":2,"minecraft:time_since_rest":13628,"minecraft:damage_taken":5726,"minecraft:damage_absorbed":160,"minecraft:damage_dealt":6481,"minecraft:player_kills":3,"minecraft:swim_one_cm":30948,"minecraft:fly_one_cm":504708,"minecraft:open_chest":36,"minecraft:crouch_one_cm":46303,"minecraft:interact_with_smoker":25,"minecraft:fall_one_cm":89760},"minecraft:used":{"minecraft:enchanting_table":1,"minecraft:iron_shovel":200,"minecraft:chiseled_deepslate":12,"minecraft:stone_shovel":43,"minecraft:chest":9,"minecraft:cooked_chicken":1,"minecraft:stone_hoe":17,"minecraft:dirt":126,"minecraft:anvil":1,"minecraft:deepslate_brick_slab":88,"minecraft:tuff":8,"minecraft:granite":12,"minecraft:bookshelf":2,"minecraft:oak_stairs":1,"minecraft:diamond_chestplate":1,"simpleplanes:plane":1,"minecraft:beef":3,"minecraft:furnace":4,"minecraft:egg":1,"minecraft:potato":36,"minecraft:cooked_beef":7,"minecraft:cobbled_deepslate":92,"minecraft:enchanted_golden_apple":1,"minecraft:wheat_seeds":17,"minecraft:cooked_mutton":1,"minecraft:water_bucket":31,"minecraft:birch_planks":2,"minecraft:baked_potato":5,"minecraft:stone_pickaxe":451,"minecraft:oak_planks":3,"minecraft:wooden_pickaxe":16,"minecraft:composter":1,"minecraft:sugar_cane":30,"minecraft:stonecutter":1,"minecraft:deepslate_bricks":119,"minecraft:mossy_cobblestone":7,"minecraft:crafting_table":9,"minecraft:blast_furnace":3,"minecraft:smoker":5,"minecraft:diamond_pickaxe":98,"minecraft:apple":2,"minecraft:iron_pickaxe":500,"minecraft:bread":4,"minecraft:brown_wool":1,"minecraft:stone_axe":202,"minecraft:diamond_sword":12,"minecraft:cobblestone":3,"minecraft:grindstone":3,"minecraft:cooked_porkchop":6,"minecraft:andesite":6,"minecraft:bucket":30,"alexsmobs:animal_dictionary":3,"minecraft:diamond_leggings":1,"minecraft:bone_meal":2},"minecraft:killed":{"alexsmobs:raccoon":1,"minecraft:spider":7,"minecraft:skeleton":3,"minecraft:chicken":1,"minecraft:silverfish":3,"minecraft:pig":4,"minecraft:bat":1,"minecraft:zombie":5,"minecraft:cow":5},"minecraft:dropped":{"minecraft:wheat_seeds":11,"man:cassette_1safetyinstructions":1,"minecraft:stick":2,"minecraft:diorite":1,"minecraft:gravel":5,"minecraft:stone_axe":2,"minecraft:stone_shovel":1,"minecraft:beetroot":1,"minecraft:rotten_flesh":2,"minecraft:cooked_mutton":1,"minecraft:diamond_pickaxe":3,"minecraft:arrow":2,"minecraft:wooden_pickaxe":1},"minecraft:mined":{"minecraft:infested_deepslate":2,"minecraft:tuff":88,"minecraft:mossy_cobblestone":3,"minecraft:deepslate_diamond_ore":59,"minecraft:jungle_leaves":2,"minecraft:obsidian":4,"minecraft:granite":12,"minecraft:grass_block":236,"minecraft:composter":1,"minecraft:oxeye_daisy":1,"minecraft:spawner":1,"minecraft:hay_block":13,"minecraft:deepslate_brick_slab":8,"minecraft:raw_iron_block":5,"minecraft:furnace":2,"minecraft:iron_ore":99,"minecraft:cobbled_deepslate":2,"minecraft:andesite":6,"minecraft:chiseled_deepslate":6,"minecraft:azure_bluet":1,"minecraft:bookshelf":1,"minecraft:potatoes":14,"minecraft:deepslate_iron_ore":12,"minecraft:oak_stairs":1,"minecraft:stone":360,"minecraft:smoker":3,"minecraft:dandelion":2,"minecraft:crafting_table":5,"minecraft:cornflower":1,"minecraft:blast_furnace":2,"minecraft:poppy":1,"minecraft:chest":6,"minecraft:tall_grass":16,"minecraft:cobblestone":9,"minecraft:lapis_ore":12,"minecraft:grindstone":1,"minecraft:sugar_cane":57,"minecraft:oak_planks":2,"minecraft:sculk":2,"minecraft:diorite":1,"minecraft:birch_planks":2,"minecraft:grass":195,"minecraft:oak_log":32,"minecraft:coal_ore":56,"minecraft:gravel":7,"minecraft:dirt":51,"minecraft:oak_leaves":14,"minecraft:deepslate":234},"minecraft:broken":{"minecraft:stone_pickaxe":3,"minecraft:iron_pickaxe":2},"minecraft:crafted":{"minecraft:grindstone":2,"minecraft:smooth_stone":3,"minecraft:oak_planks":100,"minecraft:raw_iron":45,"minecraft:stone_shovel":1,"minecraft:cooked_chicken":1,"minecraft:furnace":5,"minecraft:blast_furnace":1,"minecraft:stone":7,"minecraft:bookshelf":2,"minecraft:cooked_mutton":2,"minecraft:diamond_leggings":1,"minecraft:stone_pickaxe":3,"minecraft:chest":3,"simpleplanes:propeller":1,"minecraft:stone_hoe":1,"minecraft:smoker":2,"minecraft:wheat":117,"minecraft:cooked_beef":7,"minecraft:diamond_sword":1,"minecraft:cooked_porkchop":6,"minecraft:diamond_axe":1,"minecraft:crafting_table":4,"minecraft:enchanting_table":1,"minecraft:baked_potato":7,"minecraft:wooden_pickaxe":1,"minecraft:stone_axe":2,"minecraft:bread":40,"minecraft:air":1,"minecraft:book":7,"minecraft:paper":63,"minecraft:diamond_pickaxe":5,"minecraft:chiseled_deepslate":4,"minecraft:stick":32,"minecraft:iron_ingot":159,"minecraft:iron_pickaxe":1,"minecraft:iron_block":3,"minecraft:iron_shovel":1,"minecraft:stonecutter":1,"minecraft:anvil":1,"minecraft:diamond_chestplate":1},"minecraft:killed_by":{"minecraft:player":3,"minecraft:creeper":1,"minecraft:spider":1,"minecraft:iron_golem":1,"man:managgresive":1,"minecraft:skeleton":4,"minecraft:zombie":1},"minecraft:picked_up":{"minecraft:chiseled_deepslate":6,"minecraft:crafting_table":5,"minecraft:wheat":4,"minecraft:azure_bluet":1,"minecraft:chicken":1,"minecraft:oak_stairs":1,"minecraft:enchanted_book":1,"minecraft:cornflower":1,"minecraft:string":14,"minecraft:beetroot":1,"minecraft:cobbled_deepslate":233,"minecraft:bucket":1,"minecraft:beef":10,"minecraft:poppy":2,"minecraft:enchanted_golden_apple":1,"minecraft:sugar_cane":104,"minecraft:chest":6,"minecraft:furnace":2,"minecraft:egg":1,"minecraft:stick":8,"minecraft:raw_iron":111,"minecraft:composter":1,"minecraft:porkchop":6,"minecraft:diorite":1,"minecraft:arrow":3,"minecraft:rotten_flesh":16,"minecraft:hay_block":13,"minecraft:obsidian":4,"minecraft:mutton":2,"minecraft:cobblestone":370,"minecraft:oxeye_daisy":2,"minecraft:feather":1,"minecraft:andesite":6,"minecraft:brown_wool":1,"minecraft:leather":7,"minecraft:smoker":3,"minecraft:potato":67,"minecraft:birch_planks":2,"minecraft:tuff":87,"minecraft:oak_log":33,"minecraft:gunpowder":4,"minecraft:lapis_lazuli":74,"minecraft:dirt":288,"man:cassette_1safetyinstructions":1,"minecraft:bone":2,"minecraft:apple":2,"minecraft:wheat_seeds":40,"minecraft:deepslate_brick_slab":11,"minecraft:grindstone":1,"minecraft:iron_ingot":3,"minecraft:oak_planks":2,"minecraft:book":3,"simpleplanes:plane":2,"minecraft:dandelion":7,"minecraft:raw_iron_block":5,"minecraft:gravel":8,"minecraft:blast_furnace":2,"minecraft:spider_eye":4,"minecraft:mossy_cobblestone":7,"minecraft:diamond":59,"minecraft:stone_axe":1,"minecraft:granite":12,"minecraft:bone_meal":2,"minecraft:bread":2,"minecraft:oak_sapling":3,"minecraft:coal":59,"minecraft:diamond_pickaxe":3}},"DataVersion":3465}